title;url;release_date;points;months in top 100;average position in top 100;peak position;months in top 10;current position in top 100;months since leaving top 100
7 Wonders;https://boardgamegeek.com/boardgame/68448/7-wonders;2010;71.65737806279701;127;6.078740157480315;1;100;15;not applicable
Dominion;https://boardgamegeek.com/boardgame/36218/dominion;2008;56.256723480581435;136;14.801470588235293;1;70;54;not applicable
Carcassonne;https://boardgamegeek.com/boardgame/822/carcassonne;2000;48.74504196635227;136;8.838235294117647;3;96;11;not applicable
Splendor;https://boardgamegeek.com/boardgame/148228/splendor;2014;43.9320100588047;85;5.870588235294117;1;75;10;not applicable
Love Letter;https://boardgamegeek.com/boardgame/129622/love-letter;2012;41.1003130990812;103;16.067961165048544;1;45;42;not applicable
Pandemic;https://boardgamegeek.com/boardgame/30549/pandemic;2008;40.6251604683014;136;15.786764705882353;3;62;62;not applicable
Terraforming Mars;https://boardgamegeek.com/boardgame/167791/terraforming-mars;2016;39.64380699746353;56;2.857142857142857;1;55;2;not applicable
King of Tokyo;https://boardgamegeek.com/boardgame/70323/king-tokyo;2011;37.20952978462395;120;22.533333333333335;2;36;77;not applicable
Race for the Galaxy;https://boardgamegeek.com/boardgame/28143/race-galaxy;2007;34.99391528887626;136;28.529411764705884;2;35;51;not applicable
Agricola;https://boardgamegeek.com/boardgame/31260/agricola;2007;34.45472841775163;114;29.587719298245613;2;45;not applicable;11
Codenames;https://boardgamegeek.com/boardgame/178900/codenames;2015;31.344895943192306;69;15.797101449275363;1;31;45;not applicable
Azul;https://boardgamegeek.com/boardgame/230802/azul;2017;30.241066298101657;43;4.116279069767442;1;42;4;not applicable
Ticket to Ride;https://boardgamegeek.com/boardgame/9209/ticket-ride;2004;29.936277914023627;136;26.50735294117647;6;11;66;not applicable
The Castles of Burgundy;https://boardgamegeek.com/boardgame/84876/castles-burgundy;2011;29.67321675709926;122;19.778688524590162;8;9;22;not applicable
Catan;https://boardgamegeek.com/boardgame/13/catan;1995;27.972251123499596;136;30.529411764705884;7;13;57;not applicable
Stone Age;https://boardgamegeek.com/boardgame/34635/stone-age;2008;27.753364384804456;136;34.60294117647059;7;21;56;not applicable
7 Wonders Duel;https://boardgamegeek.com/boardgame/173346/7-wonders-duel;2015;27.185391830542795;67;8.08955223880597;2;48;5;not applicable
Wingspan;https://boardgamegeek.com/boardgame/266192/wingspan;2019;26.532284849695735;28;1.3928571428571428;1;28;1;not applicable
Lords of Waterdeep;https://boardgamegeek.com/boardgame/110327/lords-waterdeep;2012;26.06797626848787;110;32.80909090909091;2;26;100;not applicable
Scythe;https://boardgamegeek.com/boardgame/169786/scythe;2016;23.2994272410544;58;9.310344827586206;1;42;27;not applicable
Dixit;https://boardgamegeek.com/boardgame/39856/dixit;2008;23.29550603411783;126;39.214285714285715;5;11;not applicable;3
Small World;https://boardgamegeek.com/boardgame/40692/small-world;2009;22.676191477217987;103;36.650485436893206;3;21;not applicable;10
Ticket to Ride: Europe;https://boardgamegeek.com/boardgame/14996/ticket-ride-europe;2005;21.452515800454368;136;42.30882352941177;18;0;41;not applicable
Patchwork;https://boardgamegeek.com/boardgame/163412/patchwork;2014;21.441665482287192;75;15.573333333333334;4;23;19;not applicable
Hanabi;https://boardgamegeek.com/boardgame/98778/hanabi;2010;21.21584603515748;103;39.349514563106794;4;16;89;not applicable
Puerto Rico;https://boardgamegeek.com/boardgame/3076/puerto-rico;2002;20.862193100655336;109;43.26605504587156;6;14;not applicable;9
Gloomhaven;https://boardgamegeek.com/boardgame/174430/gloomhaven;2017;20.68960654517159;51;11.92156862745098;1;36;21;not applicable
Power Grid;https://boardgamegeek.com/boardgame/2651/power-grid;2004;20.155903661889734;101;38.495049504950494;6;9;not applicable;14
Kingdomino;https://boardgamegeek.com/boardgame/204583/kingdomino;2016;20.026982991107545;54;12.277777777777779;2;38;13;not applicable
Lost Cities;https://boardgamegeek.com/boardgame/50/lost-cities;1999;18.54893662872553;135;57.46666666666667;22;0;61;not applicable
Jaipur;https://boardgamegeek.com/boardgame/54043/jaipur;2009;18.310108641111796;120;49.80833333333333;18;0;33;not applicable
For Sale;https://boardgamegeek.com/boardgame/172/sale;1997;16.61420403367216;131;65.56488549618321;31;0;not applicable;1
Terra Mystica;https://boardgamegeek.com/boardgame/120677/terra-mystica;2012;16.560708280451593;88;42.51136363636363;4;7;97;not applicable
Star Realms;https://boardgamegeek.com/boardgame/147020/star-realms;2014;16.362195482817196;85;39.0;5;7;87;not applicable
Pandemic Legacy: Season 1;https://boardgamegeek.com/boardgame/161936/pandemic-legacy-season-1;2015;16.32045473502132;64;37.609375;2;19;not applicable;3
Sushi Go!;https://boardgamegeek.com/boardgame/133473/sushi-go;2013;16.124200135287197;82;36.91463414634146;4;5;58;not applicable
Takenoko;https://boardgamegeek.com/boardgame/70919/takenoko;2011;15.420466042778251;106;54.632075471698116;18;0;73;not applicable
Roll for the Galaxy;https://boardgamegeek.com/boardgame/132531/roll-galaxy;2014;15.225859156316126;75;41.70666666666666;4;12;86;not applicable
Sagrada;https://boardgamegeek.com/boardgame/199561/sagrada;2017;14.76124267112654;49;13.877551020408163;4;17;18;not applicable
No Thanks!;https://boardgamegeek.com/boardgame/12942/no-thanks;2004;14.704969921410505;116;65.24137931034483;31;0;63;not applicable
Bohnanza;https://boardgamegeek.com/boardgame/11/bohnanza;1997;14.55818417676981;94;50.02127659574468;15;0;not applicable;21
Forbidden Island;https://boardgamegeek.com/boardgame/65244/forbidden-island;2010;14.15956132451585;87;49.12643678160919;7;1;not applicable;39
Tzolk'in: The Mayan Calendar;https://boardgamegeek.com/boardgame/126163/tzolk-mayan-calendar;2012;14.047131171686006;88;59.69318181818182;4;7;91;not applicable
Five Tribes;https://boardgamegeek.com/boardgame/157354/five-tribes;2014;13.90650733733148;76;46.526315789473685;4;8;not applicable;2
The Resistance;https://boardgamegeek.com/boardgame/41114/resistance;2009;13.414269439812966;69;33.710144927536234;9;1;not applicable;58
Concordia;https://boardgamegeek.com/boardgame/124361/concordia;2013;13.368552084836104;90;49.7;21;0;75;not applicable
Coup;https://boardgamegeek.com/boardgame/131357/coup;2012;12.51708477296499;68;49.13235294117647;4;10;not applicable;22
Citadels;https://boardgamegeek.com/boardgame/478/citadels;2000;12.495620040041763;74;42.945945945945944;15;0;not applicable;56
6 nimmt!;https://boardgamegeek.com/boardgame/432/6-nimmt;1994;12.376225307115929;102;73.73529411764706;25;0;35;not applicable
Battlestar Galactica: The Board Game;https://boardgamegeek.com/boardgame/37111/battlestar-galactica-board-game;2008;12.048445073808514;67;39.73134328358209;13;0;not applicable;69
Great Western Trail;https://boardgamegeek.com/boardgame/193738/great-western-trail;2016;12.032998432892684;55;25.29090909090909;8;3;47;not applicable
Twilight Struggle;https://boardgamegeek.com/boardgame/12333/twilight-struggle;2005;11.938967083411244;81;53.72839506172839;18;0;not applicable;54
Kingdom Builder;https://boardgamegeek.com/boardgame/107529/kingdom-builder;2011;11.631681400250988;70;51.91428571428571;8;2;83;not applicable
The Quacks of Quedlinburg;https://boardgamegeek.com/boardgame/244521/quacks-quedlinburg;2018;11.48947885202682;30;11.233333333333333;4;26;7;not applicable
Android: Netrunner;https://boardgamegeek.com/boardgame/124742/android-netrunner;2012;11.192293989005634;48;33.645833333333336;4;11;not applicable;56
Clank!: A Deck-Building Adventure;https://boardgamegeek.com/boardgame/201808/clank-deck-building-adventure;2016;10.794991085405487;54;29.666666666666668;8;3;46;not applicable
Istanbul;https://boardgamegeek.com/boardgame/148949/istanbul;2014;10.368437561651064;66;46.803030303030305;11;0;not applicable;17
Welcome To...;https://boardgamegeek.com/boardgame/233867/welcome;2018;10.244630013429433;35;16.2;5;16;12;not applicable
Arkham Horror: The Card Game;https://boardgamegeek.com/boardgame/205637/arkham-horror-card-game;2016;10.215763503595763;54;29.75925925925926;14;0;36;not applicable
Viticulture Essential Edition;https://boardgamegeek.com/boardgame/183394/viticulture-essential-edition;2015;9.876118343584814;60;41.46666666666667;19;0;34;not applicable
Machi Koro;https://boardgamegeek.com/boardgame/143884/machi-koro;2012;9.858324713289377;40;41.625;1;10;not applicable;42
Santorini;https://boardgamegeek.com/boardgame/194655/santorini;2016;9.581714912529824;53;41.698113207547166;1;2;79;not applicable
The Lord of the Rings: The Card Game;https://boardgamegeek.com/boardgame/77423/lord-rings-card-game;2011;9.576687218171685;63;55.19047619047619;6;2;not applicable;55
Legendary: A Marvel Deck Building Game;https://boardgamegeek.com/boardgame/129437/legendary-marvel-deck-building-game;2012;9.277649112753746;66;56.196969696969695;20;0;not applicable;24
Alhambra;https://boardgamegeek.com/boardgame/6249/alhambra;2003;9.172508229350795;71;63.605633802816904;33;0;84;not applicable
Mysterium;https://boardgamegeek.com/boardgame/181304/mysterium;2015;9.119508588810438;52;45.23076923076923;5;2;not applicable;6
That's Pretty Clever!;https://boardgamegeek.com/boardgame/244522/s-pretty-clever;2018;8.923584976019223;36;17.72222222222222;7;3;28;not applicable
Innovation;https://boardgamegeek.com/boardgame/63888/innovation;2010;8.64443163114745;50;41.38;16;0;not applicable;80
Arkham Horror;https://boardgamegeek.com/boardgame/15987/arkham-horror;2005;8.615874525823335;49;36.755102040816325;17;0;not applicable;87
Eclipse;https://boardgamegeek.com/boardgame/72125/eclipse;2011;8.608934198921762;40;40.25;3;6;not applicable;71
Galaxy Trucker;https://boardgamegeek.com/boardgame/31481/galaxy-trucker;2007;8.581263286612133;62;57.17741935483871;27;0;not applicable;72
Dead of Winter: A Crossroads Game;https://boardgamegeek.com/boardgame/150376/dead-winter-crossroads-game;2014;8.548733849332523;38;33.55263157894737;4;7;not applicable;42
Orléans;https://boardgamegeek.com/boardgame/164928/orleans;2014;8.541597796728542;65;62.56923076923077;30;0;98;not applicable
Cosmic Encounter;https://boardgamegeek.com/boardgame/39463/cosmic-encounter;2008;8.472924482129137;70;70.88571428571429;38;0;not applicable;55
Blood Rage;https://boardgamegeek.com/boardgame/170216/blood-rage;2015;8.418751338221313;51;48.333333333333336;12;0;not applicable;7
Tsuro;https://boardgamegeek.com/boardgame/16992/tsuro;2004;8.304996010585468;68;70.73529411764706;34;0;not applicable;36
Century: Spice Road;https://boardgamegeek.com/boardgame/209685/century-spice-road;2017;8.2885846918684;38;38.60526315789474;2;5;not applicable;8
The Voyages of Marco Polo;https://boardgamegeek.com/boardgame/171623/voyages-marco-polo;2015;8.239861820282467;58;58.12068965517241;18;0;not applicable;5
Through the Ages: A Story of Civilization;https://boardgamegeek.com/boardgame/25613/through-ages-story-civilization;2006;8.177187079823073;52;47.88461538461539;18;0;not applicable;81
Spirit Island;https://boardgamegeek.com/boardgame/162886/spirit-island;2017;8.053787370682675;41;28.317073170731707;13;0;20;not applicable
Isle of Skye: From Chieftain to King;https://boardgamegeek.com/boardgame/176494/isle-skye-chieftain-king;2015;8.024553655488706;49;46.63265306122449;10;1;not applicable;16
Robinson Crusoe: Adventures on the Cursed Island;https://boardgamegeek.com/boardgame/121921/robinson-crusoe-adventures-cursed-island;2012;7.961854433080564;58;60.41379310344828;17;0;71;not applicable
Magic: The Gathering;https://boardgamegeek.com/boardgame/463/magic-gathering;1993;7.9445699032179276;63;65.55555555555556;34;0;not applicable;67
Le Havre;https://boardgamegeek.com/boardgame/35677/le-havre;2008;7.888080535870537;49;48.04081632653061;15;0;not applicable;80
Camel Up;https://boardgamegeek.com/boardgame/153938/camel;2014;7.852671181094448;51;50.254901960784316;14;0;not applicable;28
Tichu;https://boardgamegeek.com/boardgame/215/tichu;1991;7.82859024891045;49;44.97959183673469;21;0;not applicable;81
Dominion: Intrigue;https://boardgamegeek.com/boardgame/40834/dominion-intrigue;2009;7.79732717684178;43;41.0;11;0;not applicable;92
Suburbia;https://boardgamegeek.com/boardgame/123260/suburbia;2012;7.776211426875153;48;47.166666666666664;12;0;not applicable;26
Colt Express;https://boardgamegeek.com/boardgame/158899/colt-express;2014;7.746177905468668;52;54.69230769230769;15;0;not applicable;10
Roll Through the Ages: The Bronze Age;https://boardgamegeek.com/boardgame/37380/roll-through-ages-bronze-age;2008;7.740739700643591;48;49.770833333333336;11;0;not applicable;86
Star Wars: X-Wing Miniatures Game;https://boardgamegeek.com/boardgame/103885/star-wars-x-wing-miniatures-game;2012;7.677925296320347;46;42.58695652173913;8;1;not applicable;58
Flash Point: Fire Rescue;https://boardgamegeek.com/boardgame/100901/flash-point-fire-rescue;2011;7.632008801224755;56;60.767857142857146;25;0;not applicable;39
Eldritch Horror;https://boardgamegeek.com/boardgame/146021/eldritch-horror;2013;7.574131406859038;52;53.40384615384615;17;0;not applicable;34
Coloretto;https://boardgamegeek.com/boardgame/5782/coloretto;2003;7.433316951104026;60;68.78333333333333;36;0;not applicable;11
The Mind;https://boardgamegeek.com/boardgame/244992/mind;2018;7.365431266506697;32;32.375;4;6;not applicable;4
Sushi Go Party!;https://boardgamegeek.com/boardgame/192291/sushi-go-party;2016;7.341467138752651;54;57.611111111111114;32;0;not applicable;2
Mansions of Madness: Second Edition;https://boardgamegeek.com/boardgame/205059/mansions-madness-second-edition;2016;7.318324163605921;51;58.568627450980394;11;0;not applicable;5
Quarriors!;https://boardgamegeek.com/boardgame/91536/quarriors;2011;7.309083175109952;31;41.16129032258065;3;7;not applicable;83
Castles of Mad King Ludwig;https://boardgamegeek.com/boardgame/155426/castles-mad-king-ludwig;2014;7.2662182998186156;39;39.666666666666664;10;1;not applicable;38
Diamant;https://boardgamegeek.com/boardgame/15512/diamant;2005;7.171469523354625;59;71.49152542372882;37;0;not applicable;4
Hive;https://boardgamegeek.com/boardgame/2655/hive;2000;7.1496260639972675;55;62.49090909090909;33;0;not applicable;79
Seasons;https://boardgamegeek.com/boardgame/108745/seasons;2012;7.13428190896268;43;51.53488372093023;4;2;not applicable;12
Elder Sign;https://boardgamegeek.com/boardgame/100423/elder-sign;2011;7.038769261762029;52;66.28846153846153;7;1;not applicable;54
Everdell;https://boardgamegeek.com/boardgame/199792/everdell;2018;7.0235594425206616;27;23.037037037037038;3;5;8;not applicable
Root;https://boardgamegeek.com/boardgame/237182/root;2018;7.023470999971651;33;27.21212121212121;6;1;30;not applicable
Alien Frontiers;https://boardgamegeek.com/boardgame/48726/alien-frontiers;2010;6.989999488642134;44;51.34090909090909;6;2;not applicable;72
Smash Up;https://boardgamegeek.com/boardgame/122522/smash;2012;6.963886379709241;48;53.75;20;0;not applicable;55
San Juan;https://boardgamegeek.com/boardgame/8217/san-juan;2004;6.919048470949537;50;57.22;27;0;not applicable;80
Can't Stop;https://boardgamegeek.com/boardgame/41/cant-stop;1980;6.868196203393702;53;65.0754716981132;21;0;53;not applicable
Kingsburg;https://boardgamegeek.com/boardgame/27162/kingsburg;2007;6.803769133708704;52;62.84615384615385;33;0;not applicable;79
Caverna: The Cave Farmers;https://boardgamegeek.com/boardgame/102794/caverna-cave-farmers;2013;6.722591341155385;46;57.23913043478261;16;0;not applicable;25
The Crew: The Quest for Planet Nine;https://boardgamegeek.com/boardgame/284083/crew-quest-planet-nine;2019;6.591571868800964;18;22.72222222222222;3;11;6;not applicable
Glory to Rome;https://boardgamegeek.com/boardgame/19857/glory-rome;2005;6.587624009423902;41;44.707317073170735;12;0;not applicable;88
Just One;https://boardgamegeek.com/boardgame/254640/just-one;2018;6.551796178724693;29;29.689655172413794;4;5;50;not applicable
Betrayal at House on the Hill;https://boardgamegeek.com/boardgame/10547/betrayal-house-hill;2004;6.409937853750549;51;70.03921568627452;15;0;not applicable;18
Hey, That's My Fish!;https://boardgamegeek.com/boardgame/8203/hey-s-my-fish;2003;6.377581649092826;52;68.8076923076923;39;0;not applicable;76
The Resistance: Avalon;https://boardgamegeek.com/boardgame/128882/resistance-avalon;2012;6.1900151278856494;45;58.71111111111111;31;0;not applicable;56
Sheriff of Nottingham;https://boardgamegeek.com/boardgame/157969/sheriff-nottingham;2014;6.063603140259146;40;54.85;10;1;not applicable;37
BANG! The Dice Game;https://boardgamegeek.com/boardgame/143741/bang-dice-game;2013;6.0601812871455785;46;64.56521739130434;18;0;not applicable;40
Mage Knight Board Game;https://boardgamegeek.com/boardgame/96848/mage-knight-board-game;2011;5.955517341611801;39;52.666666666666664;13;0;not applicable;67
Ra;https://boardgamegeek.com/boardgame/12/ra;1999;5.937728808649451;42;57.26190476190476;27;0;not applicable;91
Thunderstone;https://boardgamegeek.com/boardgame/53953/thunderstone;2009;5.934540975508435;31;35.61290322580645;10;1;not applicable;104
Potion Explosion;https://boardgamegeek.com/boardgame/180974/potion-explosion;2015;5.923743878841156;44;60.79545454545455;17;0;65;not applicable
Architects of the West Kingdom;https://boardgamegeek.com/boardgame/236457/architects-west-kingdom;2018;5.875963457754157;30;34.166666666666664;5;3;67;not applicable
Sentinels of the Multiverse;https://boardgamegeek.com/boardgame/102652/sentinels-multiverse;2011;5.8319588689577975;38;49.36842105263158;17;0;not applicable;61
Imperial Settlers;https://boardgamegeek.com/boardgame/154203/imperial-settlers;2014;5.813920944627909;36;46.083333333333336;12;0;not applicable;45
Village;https://boardgamegeek.com/boardgame/104006/village;2011;5.752302427021008;39;60.15384615384615;8;2;not applicable;67
Dice Forge;https://boardgamegeek.com/boardgame/194594/dice-forge;2017;5.655046524701698;40;59.625;13;0;94;not applicable
Troyes;https://boardgamegeek.com/boardgame/73439/troyes;2010;5.597863190996501;37;56.648648648648646;9;2;not applicable;12
Brass: Birmingham;https://boardgamegeek.com/boardgame/224517/brass-birmingham;2018;5.566438761912154;33;39.515151515151516;18;0;31;not applicable
Qwixx;https://boardgamegeek.com/boardgame/131260/qwixx;2012;5.563446210061762;51;86.50980392156863;35;0;not applicable;3
Keyflower;https://boardgamegeek.com/boardgame/122515/keyflower;2012;5.556476897753318;45;67.62222222222222;43;0;not applicable;55
Zombie Dice;https://boardgamegeek.com/boardgame/62871/zombie-dice;2010;5.532261608944532;48;77.66666666666667;36;0;not applicable;71
Memoir '44;https://boardgamegeek.com/boardgame/10630/memoir-44;2004;5.507594373809602;42;62.11904761904762;34;0;not applicable;82
Saint Petersburg;https://boardgamegeek.com/boardgame/9217/saint-petersburg;2004;5.499932956350356;41;59.146341463414636;34;0;not applicable;92
One Night Ultimate Werewolf;https://boardgamegeek.com/boardgame/147949/one-night-ultimate-werewolf;2014;5.457741401757559;37;52.486486486486484;21;0;not applicable;40
Survive: Escape from Atlantis!;https://boardgamegeek.com/boardgame/2653/survive-escape-atlantis;1982;5.438832367638909;43;68.09302325581395;27;0;not applicable;64
Caylus;https://boardgamegeek.com/boardgame/18602/caylus;2005;5.327432451599175;40;59.775;29;0;not applicable;95
Gaia Project;https://boardgamegeek.com/boardgame/220308/gaia-project;2017;5.320342621649934;41;67.04878048780488;23;0;95;not applicable
A Feast for Odin;https://boardgamegeek.com/boardgame/177736/feast-odin;2016;5.195576963863656;42;74.92857142857143;11;0;not applicable;3
Cartographers;https://boardgamegeek.com/boardgame/263918/cartographers;2019;5.171757874364119;20;18.25;7;5;16;not applicable
Escape: The Curse of the Temple;https://boardgamegeek.com/boardgame/113294/escape-curse-temple;2012;5.167640419920924;30;48.6;7;3;not applicable;73
Thurn and Taxis;https://boardgamegeek.com/boardgame/21790/thurn-and-taxis;2006;5.092510830324044;39;62.56410256410256;34;0;not applicable;93
Unpublished Prototype;https://boardgamegeek.com/boardgame/18291/unpublished-prototype;;4.847925896777685;43;80.23255813953489;57;0;not applicable;83
Space Base;https://boardgamegeek.com/boardgame/242302/space-base;2018;4.810607600355903;35;57.8;26;0;59;not applicable
Port Royal;https://boardgamegeek.com/boardgame/156009/port-royal;2014;4.772694828402242;42;79.19047619047619;54;0;not applicable;8
Forbidden Desert;https://boardgamegeek.com/boardgame/136063/forbidden-desert;2013;4.591347967655151;35;62.6;29;0;not applicable;55
Descent: Journeys in the Dark (Second Edition);https://boardgamegeek.com/boardgame/104162/descent-journeys-dark-second-edition;2012;4.580804410393222;32;56.6875;11;0;not applicable;55
Pathfinder Adventure Card Game: Rise of the Runelords – Base Set;https://boardgamegeek.com/boardgame/133038/pathfinder-adventure-card-game-rise-runelords-base;2013;4.565356511129604;23;44.0;5;3;not applicable;70
Raiders of the North Sea;https://boardgamegeek.com/boardgame/170042/raiders-north-sea;2015;4.5620640430632475;34;59.294117647058826;26;0;not applicable;6
Star Wars: Imperial Assault;https://boardgamegeek.com/boardgame/164153/star-wars-imperial-assault;2014;4.515729489780924;30;50.166666666666664;23;0;not applicable;38
RoboRally;https://boardgamegeek.com/boardgame/18/roborally;1994;4.4568600671726015;39;78.15384615384616;54;0;not applicable;92
Marvel Champions: The Card Game;https://boardgamegeek.com/boardgame/285774/marvel-champions-card-game;2019;4.452265470617532;18;18.444444444444443;7;2;9;not applicable
Teotihuacan: City of Gods;https://boardgamegeek.com/boardgame/229853/teotihuacan-city-gods;2018;4.436093574291528;28;49.142857142857146;15;0;93;not applicable
Ascension: Deckbuilding Game;https://boardgamegeek.com/boardgame/69789/ascension-deckbuilding-game;2010;4.406528292083242;29;52.10344827586207;12;0;not applicable;97
Bärenpark;https://boardgamegeek.com/boardgame/219513/barenpark;2017;4.392133283267851;34;65.73529411764706;21;0;not applicable;9
Hansa Teutonica;https://boardgamegeek.com/boardgame/43015/hansa-teutonica;2009;4.328976239884;29;53.172413793103445;23;0;not applicable;103
Clans of Caledonia;https://boardgamegeek.com/boardgame/216132/clans-caledonia;2017;4.323205382714712;30;66.73333333333333;3;1;not applicable;1
Saboteur;https://boardgamegeek.com/boardgame/9220/saboteur;2004;4.307885103636263;39;83.1025641025641;56;0;not applicable;76
Biblios;https://boardgamegeek.com/boardgame/34219/biblios;2007;4.295685536314487;38;80.23684210526316;45;0;not applicable;45
Tiny Towns;https://boardgamegeek.com/boardgame/265736/tiny-towns;2019;4.257844907916981;24;44.208333333333336;6;2;85;not applicable
Tapestry;https://boardgamegeek.com/boardgame/286096/tapestry;2019;4.224877852107813;19;38.73684210526316;3;3;not applicable;1
Codenames: Duet;https://boardgamegeek.com/boardgame/224037/codenames-duet;2017;4.214411725524389;32;67.0625;24;0;96;not applicable
Red7;https://boardgamegeek.com/boardgame/161417/red7;2014;4.160959463326947;32;65.46875;27;0;not applicable;12
Dominant Species;https://boardgamegeek.com/boardgame/62219/dominant-species;2010;4.053274680426871;28;56.92857142857143;17;0;not applicable;94
Magic Maze;https://boardgamegeek.com/boardgame/209778/magic-maze;2017;4.043969997351669;24;44.916666666666664;11;0;not applicable;22
Res Arcana;https://boardgamegeek.com/boardgame/262712/res-arcana;2019;4.04303376605337;25;48.6;6;1;25;not applicable
Spyfall;https://boardgamegeek.com/boardgame/166384/spyfall;2014;4.013752786602354;22;40.36363636363637;7;2;not applicable;50
Point Salad;https://boardgamegeek.com/boardgame/274960/point-salad;2019;3.993980732703273;21;31.0;14;0;43;not applicable
Brass: Lancashire;https://boardgamegeek.com/boardgame/28720/brass-lancashire;2007;3.983206423818333;30;66.2;10;1;not applicable;29
Pandemic Legacy: Season 2;https://boardgamegeek.com/boardgame/221107/pandemic-legacy-season-2;2017;3.763498988367101;20;44.7;8;4;not applicable;22
T.I.M.E Stories;https://boardgamegeek.com/boardgame/146508/time-stories;2015;3.760275392906358;27;58.55555555555556;25;0;not applicable;39
Cards Against Humanity;https://boardgamegeek.com/boardgame/50381/cards-against-humanity;2009;3.7599510276075514;31;71.93548387096774;31;0;not applicable;64
Underwater Cities;https://boardgamegeek.com/boardgame/247763/underwater-cities;2018;3.7541375944723363;27;55.44444444444444;27;0;70;not applicable
Las Vegas;https://boardgamegeek.com/boardgame/117959/las-vegas;2012;3.7286423993201434;33;81.15151515151516;35;0;not applicable;28
Flamme Rouge;https://boardgamegeek.com/boardgame/199478/flamme-rouge;2016;3.70334966832649;30;67.3;44;0;not applicable;14
The Quest for El Dorado;https://boardgamegeek.com/boardgame/217372/quest-el-dorado;2017;3.6631731893311335;32;77.375;63;0;78;not applicable
Roll Player;https://boardgamegeek.com/boardgame/169426/roll-player;2016;3.597023902502747;28;67.25;20;0;not applicable;6
Battle Line;https://boardgamegeek.com/boardgame/760/battle-line;2000;3.5693026600791256;32;81.34375;56;0;not applicable;93
Dungeon Lords;https://boardgamegeek.com/boardgame/45315/dungeon-lords;2009;3.566282579566074;20;51.1;6;2;not applicable;114
Charterstone;https://boardgamegeek.com/boardgame/197376/charterstone;2017;3.5582075976457244;16;32.375;6;3;not applicable;25
Dominion: Seaside;https://boardgamegeek.com/boardgameexpansion/51811/dominion-seaside;2009;3.530745736612577;22;49.40909090909091;14;0;not applicable;114
Ingenious;https://boardgamegeek.com/boardgame/9674/ingenious;2004;3.452178304619879;27;65.4074074074074;33;0;not applicable;104
Agricola: All Creatures Big and Small;https://boardgamegeek.com/boardgame/119890/agricola-all-creatures-big-and-small;2012;3.4422550386954347;29;73.75862068965517;33;0;not applicable;71
Russian Railroads;https://boardgamegeek.com/boardgame/144733/russian-railroads;2013;3.430692506083145;23;57.52173913043478;15;0;not applicable;11
Tigris & Euphrates;https://boardgamegeek.com/boardgame/42/tigris-euphrates;1997;3.4076003868771023;30;79.13333333333334;55;0;not applicable;104
Endeavor;https://boardgamegeek.com/boardgame/33160/endeavor;2009;3.3288783075855686;20;48.8;11;0;not applicable;115
Perudo;https://boardgamegeek.com/boardgame/45/perudo;1800;3.328152144944804;30;83.2;53;0;not applicable;88
Glen More;https://boardgamegeek.com/boardgame/66362/glen-more;2010;3.2468492678768524;25;67.64;24;0;not applicable;102
Zombicide;https://boardgamegeek.com/boardgame/113924/zombicide;2012;3.1903705341059245;25;65.64;32;0;not applicable;80
Trajan;https://boardgamegeek.com/boardgame/102680/trajan;2011;3.184876049978128;25;65.44;33;0;not applicable;81
Through the Ages: A New Story of Civilization;https://boardgamegeek.com/boardgame/182028/through-ages-new-story-civilization;2015;3.155364684997731;28;82.21428571428571;34;0;not applicable;2
Eminent Domain;https://boardgamegeek.com/boardgame/68425/eminent-domain;2011;3.073501812534992;18;53.44444444444444;6;2;not applicable;85
Ghost Stories;https://boardgamegeek.com/boardgame/37046/ghost-stories;2008;2.975314663055161;26;78.11538461538461;48;0;not applicable;90
Codenames: Pictures;https://boardgamegeek.com/boardgame/198773/codenames-pictures;2016;2.964419055518243;18;51.5;10;1;not applicable;28
Rise of Augustus;https://boardgamegeek.com/boardgame/137297/rise-augustus;2013;2.9635956478791545;22;59.90909090909091;26;0;not applicable;74
London;https://boardgamegeek.com/boardgame/65781/london;2010;2.9598893742391166;16;46.125;5;1;not applicable;110
Bruges;https://boardgamegeek.com/boardgame/136888/bruges;2013;2.941960177737029;21;59.57142857142857;16;0;not applicable;72
Dominion: Prosperity;https://boardgamegeek.com/boardgameexpansion/66690/dominion-prosperity;2010;2.9302023139374898;20;58.6;15;0;not applicable;105
Sid Meier's Civilization: The Board Game;https://boardgamegeek.com/boardgame/77130/sid-meiers-civilization-board-game;2010;2.9084028495796113;18;48.44444444444444;9;1;not applicable;108
A Game of Thrones: The Board Game (Second Edition);https://boardgamegeek.com/boardgame/103343/game-thrones-board-game-second-edition;2011;2.8998516597270902;25;76.32;52;0;not applicable;82
Decrypto;https://boardgamegeek.com/boardgame/225694/decrypto;2018;2.896918868615624;22;61.36363636363637;29;0;not applicable;14
Fresco;https://boardgamegeek.com/boardgame/66188/fresco;2010;2.876823671612361;19;52.05263157894737;16;0;not applicable;114
Tiny Epic Galaxies;https://boardgamegeek.com/boardgame/163967/tiny-epic-galaxies;2015;2.8686726574698653;20;60.6;9;1;not applicable;38
Azul: Summer Pavilion;https://boardgamegeek.com/boardgame/287954/azul-summer-pavilion;2019;2.7958810692301648;18;46.888888888888886;19;0;72;not applicable
The Grizzled;https://boardgamegeek.com/boardgame/171668/grizzled;2015;2.7903454435128534;20;54.8;31;0;not applicable;47
BANG!;https://boardgamegeek.com/boardgame/3955/bang;2002;2.7685006698519343;25;83.0;57;0;not applicable;104
Chaos in the Old World;https://boardgamegeek.com/boardgame/43111/chaos-old-world;2009;2.718984877822037;22;70.31818181818181;32;0;not applicable;108
7 Wonders: Leaders;https://boardgamegeek.com/boardgameexpansion/92539/7-wonders-leaders;2011;2.709875744010716;18;57.0;7;1;not applicable;99
Deception: Murder in Hong Kong;https://boardgamegeek.com/boardgame/156129/deception-murder-hong-kong;2014;2.6875877766471032;23;75.04347826086956;50;0;not applicable;28
The Isle of Cats;https://boardgamegeek.com/boardgame/281259/isle-cats;2019;2.684168570383713;16;37.375;23;0;37;not applicable
Secret Hitler;https://boardgamegeek.com/boardgame/188834/secret-hitler;2016;2.672784318979922;22;71.72727272727273;26;0;not applicable;16
It's a Wonderful World;https://boardgamegeek.com/boardgame/271324/its-wonderful-world;2019;2.661675806012523;17;49.470588235294116;20;0;29;not applicable
Photosynthesis;https://boardgamegeek.com/boardgame/218603/photosynthesis;2017;2.6525161192262097;17;52.8235294117647;16;0;not applicable;27
KeyForge: Call of the Archons;https://boardgamegeek.com/boardgame/257501/keyforge-call-archons;2018;2.6407155923887453;10;33.7;3;3;not applicable;20
Crokinole;https://boardgamegeek.com/boardgame/521/crokinole;1876;2.5888329008463167;24;87.45833333333333;54;0;not applicable;88
The 7th Continent;https://boardgamegeek.com/boardgame/180263/7th-continent;2017;2.5851101546720576;14;43.357142857142854;8;1;not applicable;6
Qwirkle;https://boardgamegeek.com/boardgame/25669/qwirkle;2006;2.56666757982054;22;76.27272727272727;38;0;not applicable;64
PARKS;https://boardgamegeek.com/boardgame/266524/parks;2019;2.564633992490793;17;50.0;23;0;52;not applicable
Tokaido;https://boardgamegeek.com/boardgame/123540/tokaido;2012;2.563471590149547;24;88.125;71;0;not applicable;11
Quadropolis;https://boardgamegeek.com/boardgame/176396/quadropolis;2016;2.551328315946839;15;55.666666666666664;7;1;not applicable;47
Azul: Stained Glass of Sintra;https://boardgamegeek.com/boardgame/256226/azul-stained-glass-sintra;2018;2.548377952452092;16;49.8125;14;0;not applicable;14
Zooloretto;https://boardgamegeek.com/boardgame/27588/zooloretto;2007;2.47124826330698;22;80.86363636363636;56;0;not applicable;103
Paladins of the West Kingdom;https://boardgamegeek.com/boardgame/266810/paladins-west-kingdom;2019;2.4488433044157447;18;62.55555555555556;19;0;not applicable;1
Gizmos;https://boardgamegeek.com/boardgame/246192/gizmos;2018;2.433395225031646;17;55.35294117647059;32;0;not applicable;15
Tobago;https://boardgamegeek.com/boardgame/42215/tobago;2009;2.4029175087544203;17;58.588235294117645;24;0;not applicable;118
Cyclades;https://boardgamegeek.com/boardgame/54998/cyclades;2009;2.3815193636823806;19;69.10526315789474;27;0;not applicable;105
Maracaibo;https://boardgamegeek.com/boardgame/276025/maracaibo;2019;2.380504560361275;17;54.0;30;0;81;not applicable
Concept;https://boardgamegeek.com/boardgame/147151/concept;2013;2.3693614395014353;21;81.38095238095238;44;0;not applicable;52
Mechs vs. Minions;https://boardgamegeek.com/boardgame/209010/mechs-vs-minions;2016;2.360961413786248;13;39.15384615384615;12;0;not applicable;42
Lewis & Clark: The Expedition;https://boardgamegeek.com/boardgame/140620/lewis-clark-expedition;2013;2.35573221860994;16;58.5;14;0;not applicable;71
Chronicles of Crime;https://boardgamegeek.com/boardgame/239188/chronicles-crime;2018;2.350124605469546;16;52.25;24;0;not applicable;11
Gloomhaven: Jaws of the Lion;https://boardgamegeek.com/boardgame/291457/gloomhaven-jaws-lion;2020;2.338351791377712;10;20.9;11;0;24;not applicable
Ora et Labora;https://boardgamegeek.com/boardgame/70149/ora-et-labora;2011;2.3185847681214176;12;41.833333333333336;8;1;not applicable;100
Harry Potter: Hogwarts Battle;https://boardgamegeek.com/boardgame/199042/harry-potter-hogwarts-battle;2016;2.2970753420714463;21;84.71428571428571;62;0;not applicable;3
Blood Bowl: Team Manager – The Card Game;https://boardgamegeek.com/boardgame/90137/blood-bowl-team-manager-card-game;2011;2.270773967046954;16;60.625;21;0;not applicable;94
Disney Villainous;https://boardgamegeek.com/boardgame/256382/disney-villainous;2018;2.2499322718526154;19;74.94736842105263;34;0;not applicable;1
El Grande;https://boardgamegeek.com/boardgame/93/el-grande;1995;2.2470117867098196;20;80.75;59;0;not applicable;96
Ethnos;https://boardgamegeek.com/boardgame/206718/ethnos;2017;2.244838896710266;16;60.0;18;0;not applicable;31
Railroad Ink: Deep Blue Edition;https://boardgamegeek.com/boardgame/245654/railroad-ink-deep-blue-edition;2018;2.2373629794186995;18;69.38888888888889;42;0;49;not applicable
Captain Sonar;https://boardgamegeek.com/boardgame/171131/captain-sonar;2016;2.2186549417552155;16;62.0625;17;0;not applicable;41
Merchants & Marauders;https://boardgamegeek.com/boardgame/25292/merchants-marauders;2010;2.2124039750074656;15;57.13333333333333;18;0;not applicable;107
Star Wars: Rebellion;https://boardgamegeek.com/boardgame/187645/star-wars-rebellion;2016;2.1875709814629554;14;54.142857142857146;7;1;not applicable;43
Imhotep;https://boardgamegeek.com/boardgame/191862/imhotep;2016;2.164705186841223;16;59.5625;28;0;not applicable;42
Dinosaur Island;https://boardgamegeek.com/boardgame/221194/dinosaur-island;2017;2.1576606226881103;16;64.25;22;0;not applicable;18
Rajas of the Ganges;https://boardgamegeek.com/boardgame/220877/rajas-ganges;2017;2.1568378034347755;17;65.94117647058823;35;0;not applicable;12
Dungeons & Dragons: Castle Ravenloft Board Game;https://boardgamegeek.com/boardgame/59946/dungeons-dragons-castle-ravenloft-board-game;2010;2.143159524192429;9;39.55555555555556;2;2;not applicable;119
Arboretum;https://boardgamegeek.com/boardgame/140934/arboretum;2015;2.11975489364928;16;60.5;37;0;not applicable;14
Cryptid;https://boardgamegeek.com/boardgame/246784/cryptid;2018;2.1183693259723104;17;68.05882352941177;41;0;not applicable;14
Libertalia;https://boardgamegeek.com/boardgame/125618/libertalia;2012;2.1114139983287425;17;69.17647058823529;31;0;not applicable;70
Egizia;https://boardgamegeek.com/boardgame/58421/egizia;2009;2.0567120175370146;16;70.4375;24;0;not applicable;114
Mansions of Madness;https://boardgamegeek.com/boardgame/83330/mansions-madness;2011;2.056440778811265;11;42.81818181818182;5;1;not applicable;111
Between Two Cities;https://boardgamegeek.com/boardgame/168435/between-two-cities;2015;2.034132510859265;12;51.333333333333336;7;2;not applicable;55
Nations;https://boardgamegeek.com/boardgame/126042/nations;2013;2.02305080483513;12;43.5;12;0;not applicable;78
Space Hulk: Death Angel – The Card Game;https://boardgamegeek.com/boardgame/71721/space-hulk-death-angel-card-game;2010;2.010798878359169;13;54.15384615384615;8;1;not applicable;115
Rising Sun;https://boardgamegeek.com/boardgame/205896/rising-sun;2018;1.9780408608011677;8;37.125;4;2;not applicable;31
Notre Dame;https://boardgamegeek.com/boardgame/25554/notre-dame;2007;1.9659354989149471;18;85.11111111111111;65;0;not applicable;105
Evolution;https://boardgamegeek.com/boardgame/155703/evolution;2014;1.9630110149468167;16;69.5625;38;0;not applicable;59
Navegador;https://boardgamegeek.com/boardgame/66589/navegador;2010;1.934907988108078;13;50.84615384615385;17;0;not applicable;112
Discworld: Ankh-Morpork;https://boardgamegeek.com/boardgame/91312/discworld-ankh-morpork;2011;1.9345650367459521;12;50.083333333333336;9;1;not applicable;104
Onitama;https://boardgamegeek.com/boardgame/160477/onitama;2014;1.9265695857650205;17;79.94117647058823;44;0;not applicable;30
Deep Sea Adventure;https://boardgamegeek.com/boardgame/169654/deep-sea-adventure;2014;1.9086801467664074;18;89.27777777777777;77;0;not applicable;16
Macao;https://boardgamegeek.com/boardgame/55670/macao;2009;1.8965572108005615;14;60.642857142857146;30;0;not applicable;120
Mice and Mystics;https://boardgamegeek.com/boardgame/124708/mice-and-mystics;2012;1.8925387741326378;16;73.5625;45;0;not applicable;85
Draftosaurus;https://boardgamegeek.com/boardgame/264055/draftosaurus;2019;1.8851246238412374;13;62.07692307692308;13;0;23;not applicable
Above and Below;https://boardgamegeek.com/boardgame/172818/above-and-below;2015;1.8808062524700833;16;75.3125;52;0;not applicable;46
Last Will;https://boardgamegeek.com/boardgame/97842/last-will;2011;1.8450125715462433;13;57.76923076923077;27;0;not applicable;101
Last Night on Earth: The Zombie Game;https://boardgamegeek.com/boardgame/29368/last-night-earth-zombie-game;2007;1.827330258954465;15;70.4;34;0;not applicable;102
Trains;https://boardgamegeek.com/boardgame/121408/trains;2012;1.8220741554181592;12;56.583333333333336;15;0;not applicable;78
The Game;https://boardgamegeek.com/boardgame/173090/game;2015;1.8079772373562633;16;79.4375;64;0;not applicable;54
Grand Austria Hotel;https://boardgamegeek.com/boardgame/182874/grand-austria-hotel;2015;1.7760275855626115;15;73.0;53;0;76;not applicable
King of New York;https://boardgamegeek.com/boardgame/160499/king-new-york;2014;1.742897896080695;11;53.81818181818182;15;0;not applicable;68
A Few Acres of Snow;https://boardgamegeek.com/boardgame/79828/few-acres-snow;2011;1.7342662209511264;10;43.7;18;0;not applicable;107
Downforce;https://boardgamegeek.com/boardgame/215311/downforce;2017;1.726700222101686;15;77.73333333333333;45;0;92;not applicable
The Lord of the Rings: Journeys in Middle-Earth;https://boardgamegeek.com/boardgame/269385/lord-rings-journeys-middle-earth;2019;1.7234648165143;12;60.166666666666664;13;0;not applicable;6
Race for the Galaxy: The Gathering Storm;https://boardgamegeek.com/boardgameexpansion/34499/race-galaxy-gathering-storm;2008;1.7063860145198841;14;71.14285714285714;49;0;not applicable;118
Alchemists;https://boardgamegeek.com/boardgame/161970/alchemists;2014;1.6930731458710535;11;49.72727272727273;22;0;not applicable;61
Pickomino;https://boardgamegeek.com/boardgame/15818/pickomino;2005;1.673948036267526;15;81.93333333333334;57;0;not applicable;107
Reef;https://boardgamegeek.com/boardgame/244228/reef;2018;1.6685151986942341;10;51.8;11;0;not applicable;21
NMBR 9;https://boardgamegeek.com/boardgame/217449/nmbr-9;2017;1.6608377733180109;13;66.53846153846153;36;0;not applicable;30
At the Gates of Loyang;https://boardgamegeek.com/boardgame/39683/gates-loyang;2009;1.6604723437481521;14;74.21428571428571;49;0;not applicable;117
Pandemic: The Cure;https://boardgamegeek.com/boardgame/150658/pandemic-cure;2014;1.6337189216791626;11;51.72727272727273;24;0;not applicable;67
Targi;https://boardgamegeek.com/boardgame/118048/targi;2012;1.612652442653995;14;76.64285714285714;62;0;88;not applicable
Coimbra;https://boardgamegeek.com/boardgame/245638/coimbra;2018;1.6086978155777154;9;44.55555555555556;10;1;not applicable;22
Twice as Clever!;https://boardgamegeek.com/boardgame/269210/twice-clever;2019;1.597297857082515;13;70.84615384615384;38;0;not applicable;7
Shadows over Camelot;https://boardgamegeek.com/boardgame/15062/shadows-over-camelot;2005;1.5835670584395938;15;90.46666666666667;69;0;not applicable;84
Vikings;https://boardgamegeek.com/boardgame/27173/vikings;2007;1.5713694018622528;14;81.14285714285714;50;0;not applicable;120
Finca;https://boardgamegeek.com/boardgame/40628/finca;2009;1.5390016108932727;13;72.46153846153847;55;0;not applicable;121
Karuba;https://boardgamegeek.com/boardgame/183251/karuba;2015;1.5322933467106443;12;64.83333333333333;32;0;not applicable;48
Ca$h 'n Guns (Second Edition);https://boardgamegeek.com/boardgame/155362/cah-n-guns-second-edition;2014;1.515417390110108;13;76.3076923076923;52;0;not applicable;64
Deus;https://boardgamegeek.com/boardgame/162082/deus;2014;1.5146210311239992;11;59.81818181818182;27;0;not applicable;67
Viticulture;https://boardgamegeek.com/boardgame/128621/viticulture;2013;1.5047379531338592;13;76.0;60;0;not applicable;59
Nemesis;https://boardgamegeek.com/boardgame/167355/nemesis;2018;1.5027765640141295;12;67.25;38;0;not applicable;5
Bora Bora;https://boardgamegeek.com/boardgame/127060/bora-bora;2013;1.4962844906061403;11;64.81818181818181;18;0;not applicable;86
L.L.A.M.A.;https://boardgamegeek.com/boardgame/266083/llm;2019;1.4900958637335455;12;67.83333333333333;41;0;not applicable;8
Carson City;https://boardgamegeek.com/boardgame/39938/carson-city;2009;1.488864485898049;12;69.0;38;0;not applicable;122
Steam;https://boardgamegeek.com/boardgame/27833/steam;2009;1.4847777434293892;13;78.61538461538461;54;0;not applicable;115
Terror in Meeple City;https://boardgamegeek.com/boardgame/97903/terror-meeple-city;2013;1.462801526178084;10;53.5;25;0;not applicable;80
Mystic Vale;https://boardgamegeek.com/boardgame/194607/mystic-vale;2016;1.4615374458029406;11;66.36363636363636;21;0;not applicable;35
Lost Ruins of Arnak;https://boardgamegeek.com/boardgame/312484/lost-ruins-arnak;2020;1.4552794910679179;5;18.0;3;1;3;not applicable
Glass Road;https://boardgamegeek.com/boardgame/143693/glass-road;2013;1.4507468356519118;9;44.333333333333336;20;0;not applicable;81
Blokus;https://boardgamegeek.com/boardgame/2453/blokus;2000;1.4251643096283613;13;84.0;60;0;not applicable;112
Lanterns: The Harvest Festival;https://boardgamegeek.com/boardgame/160851/lanterns-harvest-festival;2015;1.4168271281624745;13;85.23076923076923;63;0;not applicable;47
Space Alert;https://boardgamegeek.com/boardgame/38453/space-alert;2008;1.4096203229835147;13;85.92307692307692;64;0;not applicable;107
Mascarade;https://boardgamegeek.com/boardgame/139030/mascarade;2013;1.406139656786626;11;69.9090909090909;26;0;not applicable;76
Guillotine;https://boardgamegeek.com/boardgame/116/guillotine;1998;1.387816345737471;13;88.46153846153847;69;0;not applicable;93
Acquire;https://boardgamegeek.com/boardgame/5/acquire;1964;1.381924216726564;13;89.15384615384616;75;0;not applicable;114
The Taverns of Tiefenthal;https://boardgamegeek.com/boardgame/269207/taverns-tiefenthal;2019;1.3457658819124363;10;65.0;27;0;not applicable;1
Exploding Kittens;https://boardgamegeek.com/boardgame/172225/exploding-kittens;2015;1.3448165402596233;10;65.8;14;0;not applicable;16
Hero Realms;https://boardgamegeek.com/boardgame/198994/hero-realms;2016;1.3238499433259494;12;83.33333333333333;61;0;not applicable;32
Fangs;https://boardgamegeek.com/boardgame/24068/fangs;2005;1.2887267261695705;12;87.41666666666667;73;0;not applicable;123
Calico;https://boardgamegeek.com/boardgame/283155/calico;2020;1.2733807038995666;8;40.0;32;0;32;not applicable
Power Grid: Factory Manager;https://boardgamegeek.com/boardgame/44163/power-grid-factory-manager;2009;1.266887089197402;8;55.125;13;0;not applicable;128
Pandemic: On the Brink;https://boardgamegeek.com/boardgameexpansion/40849/pandemic-brink;2009;1.244103520890493;10;68.4;39;0;not applicable;124
Dungeon Roll;https://boardgamegeek.com/boardgame/138788/dungeon-roll;2013;1.18678927597758;6;45.5;7;1;not applicable;87
Airlines Europe;https://boardgamegeek.com/boardgame/90419/airlines-europe;2011;1.1714596736668157;10;76.7;37;0;not applicable;109
Welcome to the Dungeon;https://boardgamegeek.com/boardgame/150312/welcome-dungeon;2013;1.1667618914249946;10;78.0;39;0;not applicable;54
Gùgōng;https://boardgamegeek.com/boardgame/250458/gugng;2018;1.1537928515182563;8;59.375;19;0;not applicable;19
Horrified;https://boardgamegeek.com/boardgame/282524/horrified;2019;1.1459800107636389;9;71.33333333333333;27;0;not applicable;6
Yokohama;https://boardgamegeek.com/boardgame/196340/yokohama;2016;1.13997422846487;7;49.714285714285715;15;0;not applicable;42
Rattus;https://boardgamegeek.com/boardgame/42452/rattus;2010;1.1374877087220994;10;79.4;50;0;not applicable;119
Abyss;https://boardgamegeek.com/boardgame/155987/abyss;2014;1.1270652357155235;9;69.55555555555556;30;0;not applicable;1
Tajemnicze Domostwo;https://boardgamegeek.com/boardgame/113997/tajemnicze-domostwo;2013;1.1257786229423077;9;66.0;48;0;not applicable;68
Star Wars: The Card Game;https://boardgamegeek.com/boardgame/103886/star-wars-card-game;2012;1.1134810669924557;9;68.44444444444444;49;0;not applicable;91
Marvel Dice Masters: Avengers vs. X-Men;https://boardgamegeek.com/boardgame/148575/marvel-dice-masters-avengers-vs-x-men;2014;1.1009351318714666;8;65.75;18;0;not applicable;77
Mombasa;https://boardgamegeek.com/boardgame/172386/mombasa;2015;1.092603188860045;9;70.0;53;0;not applicable;55
Queendomino;https://boardgamegeek.com/boardgame/232043/queendomino;2017;1.0906383481652218;8;60.375;27;0;not applicable;34
Warhammer: Invasion;https://boardgamegeek.com/boardgame/47185/warhammer-invasion;2009;1.0825146468771893;10;85.9;74;0;not applicable;126
Yspahan;https://boardgamegeek.com/boardgame/22345/yspahan;2006;1.0572760384875382;10;89.7;82;0;not applicable;121
Legendary Encounters: An Alien Deck Building Game;https://boardgamegeek.com/boardgame/146652/legendary-encounters-alien-deck-building-game;2014;1.0511648744463022;9;75.11111111111111;51;0;not applicable;67
Dominion: Alchemy;https://boardgamegeek.com/boardgameexpansion/66098/dominion-alchemy;2010;1.050312127419727;6;44.833333333333336;13;0;not applicable;126
Hawaii;https://boardgamegeek.com/boardgame/106217/hawaii;2011;1.0312037881027314;8;65.375;37;0;not applicable;103
Race for the Galaxy: Rebel vs Imperium;https://boardgamegeek.com/boardgameexpansion/40210/race-galaxy-rebel-vs-imperium;2009;1.025489733418374;8;62.0;53;0;not applicable;128
Ginkgopolis;https://boardgamegeek.com/boardgame/128271/ginkgopolis;2012;1.0077783091356551;8;69.375;39;0;not applicable;90
Skull;https://boardgamegeek.com/boardgame/92415/skull;2011;0.9843718069712342;9;84.55555555555556;64;0;64;not applicable
Eight-Minute Empire;https://boardgamegeek.com/boardgame/131366/eight-minute-empire;2012;0.9829854526771833;9;84.55555555555556;70;0;not applicable;80
Tides of Time;https://boardgamegeek.com/boardgame/176229/tides-time;2015;0.9668405734351811;8;74.5;35;0;not applicable;60
Dungeon Petz;https://boardgamegeek.com/boardgame/97207/dungeon-petz;2011;0.9649303602947279;7;57.57142857142857;34;0;not applicable;106
Nova Luna;https://boardgamegeek.com/boardgame/284435/nova-luna;2019;0.9634099613341258;9;87.66666666666667;78;0;not applicable;2
Clank! In! Space!: A Deck-Building Adventure;https://boardgamegeek.com/boardgame/233371/clank-space-deck-building-adventure;2017;0.9633333217878419;8;72.5;41;0;not applicable;31
Firefly: The Game;https://boardgamegeek.com/boardgame/138161/firefly-game;2013;0.9534840033600116;8;74.375;46;0;not applicable;82
Majesty: For the Realm;https://boardgamegeek.com/boardgame/230080/majesty-realm;2017;0.9501479491290343;7;57.0;40;0;not applicable;35
Euphoria: Build a Better Dystopia;https://boardgamegeek.com/boardgame/133848/euphoria-build-better-dystopia;2013;0.9390632915159586;6;46.166666666666664;22;0;not applicable;83
Power Grid: The First Sparks;https://boardgamegeek.com/boardgame/106662/power-grid-first-sparks;2011;0.9361860386328992;6;50.166666666666664;22;0;not applicable;107
Risk Legacy;https://boardgamegeek.com/boardgame/105134/risk-legacy;2011;0.9339736132225944;7;61.285714285714285;38;0;not applicable;106
Spyrium;https://boardgamegeek.com/boardgame/137269/spyrium;2013;0.9336419174643222;6;58.833333333333336;12;0;not applicable;83
Barrage;https://boardgamegeek.com/boardgame/251247/barrage;2019;0.9313057925193813;8;78.875;35;0;not applicable;6
Aeon's End;https://boardgamegeek.com/boardgame/191189/aeons-end;2016;0.9150560236782621;8;77.5;61;0;68;not applicable
Viscounts of the West Kingdom;https://boardgamegeek.com/boardgame/296151/viscounts-west-kingdom;2020;0.9057316335506629;6;54.0;19;0;90;not applicable
Dune: Imperium;https://boardgamegeek.com/boardgame/316554/dune-imperium;2020;0.9010912767689045;5;34.8;19;0;48;not applicable
Castle Panic;https://boardgamegeek.com/boardgame/43443/castle-panic;2009;0.886549566419024;8;83.75;51;0;not applicable;94
La Granja;https://boardgamegeek.com/boardgame/146886/la-granja;2014;0.8848980600191803;7;66.28571428571429;41;0;not applicable;11
D-Day Dice;https://boardgamegeek.com/boardgame/101785/d-day-dice;2012;0.8794152643300054;5;47.8;13;0;not applicable;101
Altiplano;https://boardgamegeek.com/boardgame/234487/altiplano;2017;0.8591715578033843;7;71.14285714285714;39;0;not applicable;31
Elysium;https://boardgamegeek.com/boardgame/163968/elysium;2015;0.8549789769244315;5;41.4;15;0;not applicable;67
Nightfall;https://boardgamegeek.com/boardgame/88408/nightfall;2011;0.8497625623848347;6;61.0;17;0;not applicable;116
Bunny Kingdom;https://boardgamegeek.com/boardgame/184921/bunny-kingdom;2017;0.8470173953832798;8;89.625;80;0;not applicable;21
Summoner Wars;https://boardgamegeek.com/boardgame/58281/summoner-wars;2009;0.8466389605543657;8;90.125;71;0;not applicable;105
Inis;https://boardgamegeek.com/boardgame/155821/inis;2016;0.8400798651021029;7;72.85714285714286;41;0;not applicable;47
Wits & Wagers;https://boardgamegeek.com/boardgame/20100/wits-wagers;2005;0.8217798552659725;7;75.28571428571429;51;0;not applicable;100
Fabled Fruit;https://boardgamegeek.com/boardgame/203427/fabled-fruit;2016;0.8192220980611432;7;79.14285714285714;36;0;not applicable;41
Fantasy Realms;https://boardgamegeek.com/boardgame/223040/fantasy-realms;2017;0.8045504191106879;7;78.14285714285714;58;0;60;not applicable
Century: Eastern Wonders;https://boardgamegeek.com/boardgame/242574/century-eastern-wonders;2018;0.7972425998078964;5;51.6;19;0;not applicable;30
Silver & Gold;https://boardgamegeek.com/boardgame/270673/silver-gold;2019;0.7923448736807107;7;79.57142857142857;62;0;not applicable;8
Fort;https://boardgamegeek.com/boardgame/296912/fort;2020;0.7875220915497664;6;65.16666666666667;33;0;not applicable;3
Anachrony;https://boardgamegeek.com/boardgame/185343/anachrony;2017;0.7830239701358783;6;66.5;28;0;not applicable;3
Pandemic Legacy: Season 0;https://boardgamegeek.com/boardgame/314040/pandemic-legacy-season-0;2020;0.7816146578818091;6;60.333333333333336;46;0;80;not applicable
The Adventurers: The Temple of Chac;https://boardgamegeek.com/boardgame/43868/adventurers-temple-chac;2009;0.7748807955212077;7;83.14285714285714;62;0;not applicable;128
Cacao;https://boardgamegeek.com/boardgame/171499/cacao;2015;0.7693614438067528;7;84.42857142857143;60;0;not applicable;65
Nations: The Dice Game;https://boardgamegeek.com/boardgame/157809/nations-dice-game;2014;0.7612904401452412;5;54.2;23;0;not applicable;66
Vasco da Gama;https://boardgamegeek.com/boardgame/41002/vasco-da-gama;2009;0.7586951702608326;5;47.8;31;0;not applicable;131
Age of Empires III: The Age of Discovery;https://boardgamegeek.com/boardgame/22545/age-empires-iii-age-discovery;2007;0.7523933212773829;7;87.42857142857143;73;0;not applicable;129
Android: Infiltration;https://boardgamegeek.com/boardgame/118063/android-infiltration;2012;0.7327002001705961;5;55.2;23;0;not applicable;102
My City;https://boardgamegeek.com/boardgame/295486/my-city;2020;0.7264123710519408;5;52.0;35;0;40;not applicable
Food Chain Magnate;https://boardgamegeek.com/boardgame/175914/food-chain-magnate;2015;0.7220436973932083;6;71.16666666666667;55;0;not applicable;55
Lorenzo il Magnifico;https://boardgamegeek.com/boardgame/203993/lorenzo-il-magnifico;2016;0.7183678952251139;6;72.66666666666667;52;0;not applicable;42
Heaven & Ale;https://boardgamegeek.com/boardgame/227789/heaven-ale;2017;0.7154460658841689;6;74.16666666666667;45;0;not applicable;34
Amerigo;https://boardgamegeek.com/boardgame/137408/amerigo;2013;0.7064618891114972;5;59.2;23;0;not applicable;86
Tainted Grail: The Fall of Avalon;https://boardgamegeek.com/boardgame/264220/tainted-grail-fall-avalon;2019;0.697844272449567;6;74.5;60;0;not applicable;2
SeaFall;https://boardgamegeek.com/boardgame/148261/seafall;2016;0.6852115936894154;6;78.16666666666667;59;0;not applicable;49
AquaSphere;https://boardgamegeek.com/boardgame/159508/aquasphere;2014;0.6610911712646782;5;58.8;49;0;not applicable;72
Near and Far;https://boardgamegeek.com/boardgame/195421/near-and-far;2017;0.6583119081365316;5;66.0;35;0;not applicable;33
Panic Station;https://boardgamegeek.com/boardgame/69552/panic-station;2011;0.6531020419142092;4;50.5;15;0;not applicable;111
The Pillars of the Earth;https://boardgamegeek.com/boardgame/24480/pillars-earth;2006;0.6497664402659236;6;85.66666666666667;76;0;not applicable;127
Carpe Diem;https://boardgamegeek.com/boardgame/245934/carpe-diem;2018;0.6450138740039181;6;87.33333333333333;73;0;not applicable;23
Tiny Epic Kingdoms;https://boardgamegeek.com/boardgame/148951/tiny-epic-kingdoms;2014;0.6449250724584943;4;46.0;17;0;not applicable;75
Newton;https://boardgamegeek.com/boardgame/244711/newton;2018;0.6446995710548424;6;88.66666666666667;59;0;not applicable;24
Dragon Castle;https://boardgamegeek.com/boardgame/232219/dragon-castle;2017;0.6442411020663552;5;66.8;34;0;not applicable;31
Descent: Journeys in the Dark;https://boardgamegeek.com/boardgame/17226/descent-journeys-dark;2005;0.6361590089954874;6;89.16666666666667;83;0;not applicable;129
Mr. Jack;https://boardgamegeek.com/boardgame/21763/mr-jack;2006;0.6359254350317921;6;89.66666666666667;75;0;not applicable;125
FUSE;https://boardgamegeek.com/boardgame/171273/fuse;2015;0.6344630381952336;6;89.83333333333333;80;0;not applicable;46
The Manhattan Project;https://boardgamegeek.com/boardgame/63628/manhattan-project;2012;0.6342350820912663;5;68.0;36;0;not applicable;93
XCOM: The Board Game;https://boardgamegeek.com/boardgame/163602/xcom-board-game;2015;0.6324101268343704;4;58.25;13;0;not applicable;70
Viceroy;https://boardgamegeek.com/boardgame/157526/viceroy;2014;0.6252964171908661;4;50.25;26;0;not applicable;66
TransAmerica;https://boardgamegeek.com/boardgame/2842/transamerica;2001;0.6196001626317588;6;94.0;85;0;not applicable;127
Villagers;https://boardgamegeek.com/boardgame/241724/villagers;2019;0.613496436592661;4;51.0;23;0;not applicable;19
Diamonds: Second Edition;https://boardgamegeek.com/boardgame/152162/diamonds-second-edition;2014;0.6063368352558197;5;69.6;55;0;not applicable;74
On Mars;https://boardgamegeek.com/boardgame/184267/mars;2020;0.6027062426235595;3;32.0;16;0;not applicable;13
Ticket to Ride: New York;https://boardgamegeek.com/boardgame/253284/ticket-ride-new-york;2018;0.5927736340561001;5;74.4;45;0;not applicable;28
Century: Golem Edition;https://boardgamegeek.com/boardgame/232832/century-golem-edition;2017;0.589944056664226;5;73.4;60;0;not applicable;31
Runewars;https://boardgamegeek.com/boardgame/59294/runewars;2010;0.5722082972342228;4;50.75;34;0;not applicable;131
Tiny Epic Quest;https://boardgamegeek.com/boardgame/201921/tiny-epic-quest;2017;0.5664848243190838;3;36.0;16;0;not applicable;42
Summoner Wars: Master Set;https://boardgamegeek.com/boardgame/93260/summoner-wars-master-set;2011;0.5657418466050003;5;79.2;61;0;not applicable;104
Ticket to Ride Map Collection: Volume 1 – Team Asia & Legendary Asia;https://boardgamegeek.com/boardgameexpansion/106637/ticket-ride-map-collection-volume-1-team-asia-lege;2011;0.5586829882644804;4;58.25;34;0;not applicable;109
Escape Plan;https://boardgamegeek.com/boardgame/142379/escape-plan;2019;0.5533188104322296;4;61.5;30;0;not applicable;21
Lancaster;https://boardgamegeek.com/boardgame/96913/lancaster;2011;0.5381551855248703;5;86.8;73;0;not applicable;113
Letters from Whitechapel;https://boardgamegeek.com/boardgame/59959/letters-whitechapel;2011;0.5363602749936102;4;60.75;37;0;not applicable;117
Kanagawa;https://boardgamegeek.com/boardgame/200147/kanagawa;2016;0.5280044137360993;5;90.4;74;0;not applicable;49
Western Legends;https://boardgamegeek.com/boardgame/232405/western-legends;2018;0.5277863098901869;4;62.25;34;0;not applicable;27
Chicago Express;https://boardgamegeek.com/boardgame/31730/chicago-express;2007;0.5261728792162744;5;90.4;86;0;not applicable;130
Tales of the Arabian Nights;https://boardgamegeek.com/boardgame/34119/tales-arabian-nights;2009;0.5237711639124032;5;91.4;84;0;not applicable;131
Among the Stars;https://boardgamegeek.com/boardgame/110277/among-stars;2012;0.5188018377245625;4;63.75;45;0;not applicable;74
Star Wars: Outer Rim;https://boardgamegeek.com/boardgame/271896/star-wars-outer-rim;2019;0.5139207383942865;4;63.25;47;0;not applicable;19
Discoveries: The Journals of Lewis and Clark;https://boardgamegeek.com/boardgame/171669/discoveries-journals-lewis-and-clark;2015;0.5086913739844714;4;65.5;46;0;not applicable;65
Defenders of the Realm;https://boardgamegeek.com/boardgame/65532/defenders-realm;2010;0.5050961351423227;4;67.5;47;0;not applicable;122
Rialto;https://boardgamegeek.com/boardgame/119591/rialto;2013;0.5042768266017318;4;64.5;49;0;not applicable;91
Santa Maria;https://boardgamegeek.com/boardgame/229220/santa-maria;2017;0.49617131773920137;4;67.75;52;0;not applicable;34
Marvel United;https://boardgamegeek.com/boardgame/298047/marvel-united;2020;0.49377218093524816;3;57.0;14;0;14;not applicable
Hadara;https://boardgamegeek.com/boardgame/269144/hadara;2019;0.49068736489229764;4;68.25;51;0;not applicable;15
Cottage Garden;https://boardgamegeek.com/boardgame/204027/cottage-garden;2016;0.48293009586059005;4;76.25;38;0;not applicable;51
7 Wonders: Cities;https://boardgamegeek.com/boardgameexpansion/111661/7-wonders-cities;2012;0.4788939333450325;4;77.5;37;0;not applicable;99
Praga Caput Regni;https://boardgamegeek.com/boardgame/308765/praga-caput-regni;2020;0.47889321319207845;4;71.25;54;0;82;not applicable
Myrmes;https://boardgamegeek.com/boardgame/126792/myrmes;2012;0.4783568268391795;4;72.0;61;0;not applicable;97
Zombicide: Black Plague;https://boardgamegeek.com/boardgame/176189/zombicide-black-plague;2015;0.47575937860864637;4;76.0;45;0;not applicable;46
Urban Sprawl;https://boardgamegeek.com/boardgame/62220/urban-sprawl;2011;0.47280027833869126;3;56.666666666666664;18;0;not applicable;111
Canvas;https://boardgamegeek.com/boardgame/290236/canvas;2021;0.46703151145676525;3;42.666666666666664;33;0;55;not applicable
Pax Pamir: Second Edition;https://boardgamegeek.com/boardgame/256960/pax-pamir-second-edition;2019;0.4667502697119865;4;76.0;60;0;not applicable;4
Harbour;https://boardgamegeek.com/boardgame/155969/harbour;2015;0.464957906503945;3;46.666666666666664;29;0;not applicable;72
Race for the Galaxy: The Brink of War;https://boardgamegeek.com/boardgameexpansion/66121/race-galaxy-brink-war;2010;0.4631006974250882;4;76.25;57;0;not applicable;128
Tekhenu: Obelisk of the Sun;https://boardgamegeek.com/boardgame/297030/tekhenu-obelisk-sun;2020;0.46039962888491237;3;53.333333333333336;26;0;not applicable;5
Mint Works;https://boardgamegeek.com/boardgame/200077/mint-works;2017;0.458837127967762;3;44.0;34;0;not applicable;32
The Bloody Inn;https://boardgamegeek.com/boardgame/180593/bloody-inn;2015;0.4558194705642698;4;78.75;61;0;not applicable;63
Betrayal Legacy;https://boardgamegeek.com/boardgame/240196/betrayal-legacy;2018;0.45055636514988817;4;80.25;65;0;not applicable;24
The Speicherstadt;https://boardgamegeek.com/boardgame/66505/speicherstadt;2010;0.4499205989727121;4;80.0;69;0;not applicable;108
Fireball Island: The Curse of Vul-Kar;https://boardgamegeek.com/boardgame/233020/fireball-island-curse-vul-kar;2018;0.4478672721877104;3;49.333333333333336;30;0;not applicable;27
Rune Age;https://boardgamegeek.com/boardgame/94362/rune-age;2011;0.44723597849648344;3;53.0;31;0;not applicable;114
Dixit: Odyssey;https://boardgamegeek.com/boardgame/92828/dixit-odyssey;2011;0.4470048808328275;4;81.75;64;0;not applicable;100
Kemet;https://boardgamegeek.com/boardgame/127023/kemet;2012;0.4355275537129205;4;85.25;69;0;not applicable;81
Munchkin;https://boardgamegeek.com/boardgame/1927/munchkin;2001;0.4345688778732475;4;85.25;73;0;not applicable;97
Love Letter: Batman;https://boardgamegeek.com/boardgame/168584/love-letter-batman;2015;0.4288240984455586;4;87.5;79;0;not applicable;69
Pandemic: Reign of Cthulhu;https://boardgamegeek.com/boardgame/192153/pandemic-reign-cthulhu;2016;0.42624908430877406;3;58.333333333333336;27;0;not applicable;53
Guildhall;https://boardgamegeek.com/boardgame/132372/guildhall;2012;0.42524105115171656;4;88.75;80;0;not applicable;91
Pulsar 2849;https://boardgamegeek.com/boardgame/228341/pulsar-2849;2017;0.4223096614736066;4;90.0;84;0;not applicable;36
Under Falling Skies;https://boardgamegeek.com/boardgame/306735/under-falling-skies;2020;0.41943708141269065;4;91.5;79;0;99;not applicable
Ca$h 'n Gun$;https://boardgamegeek.com/boardgame/19237/cah-n-gun;2005;0.4188587994584019;4;91.25;87;0;not applicable;124
In the Year of the Dragon;https://boardgamegeek.com/boardgame/31594/year-dragon;2007;0.41549119806787854;4;92.75;88;0;not applicable;131
Wiz-War (Eighth Edition);https://boardgamegeek.com/boardgame/104710/wiz-war-eighth-edition;2012;0.4141043939073133;3;53.333333333333336;44;0;not applicable;108
Vindication;https://boardgamegeek.com/boardgame/224783/vindication;2018;0.4117945539875336;3;60.0;31;0;not applicable;18
DC Comics Deck-Building Game;https://boardgamegeek.com/boardgame/125678/dc-comics-deck-building-game;2012;0.4105009483888533;4;95.0;92;0;not applicable;96
Legends of Andor;https://boardgamegeek.com/boardgame/127398/legends-andor;2012;0.409990774540863;4;95.25;92;0;not applicable;90
Hanamikoji;https://boardgamegeek.com/boardgame/158600/hanamikoji;2013;0.4083226472910418;4;96.0;94;0;not applicable;30
La Isla;https://boardgamegeek.com/boardgame/154246/la-isla;2014;0.4050901796041939;3;58.333333333333336;39;0;not applicable;75
Belfort;https://boardgamegeek.com/boardgame/50750/belfort;2011;0.39860037101266227;3;62.0;36;0;not applicable;111
Steampunk Rally;https://boardgamegeek.com/boardgame/162007/steampunk-rally;2015;0.3983304932489492;3;61.333333333333336;38;0;not applicable;65
Champions of Midgard;https://boardgamegeek.com/boardgame/172287/champions-midgard;2015;0.3975572774433863;3;58.0;47;0;not applicable;42
Clank! Legacy: Acquisitions Incorporated;https://boardgamegeek.com/boardgame/266507/clank-legacy-acquisitions-incorporated;2019;0.3932493995821668;3;58.333333333333336;56;0;not applicable;13
Campaign Manager 2008;https://boardgamegeek.com/boardgame/46255/campaign-manager-2008;2009;0.39041121446068466;3;60.333333333333336;49;0;not applicable;132
Lisboa;https://boardgamegeek.com/boardgame/161533/lisboa;2017;0.3899130729399777;3;62.666666666666664;45;0;not applicable;42
Fleet;https://boardgamegeek.com/boardgame/121297/fleet;2012;0.3864028384008426;3;65.33333333333333;43;0;not applicable;100
Small World Underground;https://boardgamegeek.com/boardgame/97786/small-world-underground;2011;0.3832738005904298;3;64.0;45;0;not applicable;115
Wavelength;https://boardgamegeek.com/boardgame/262543/wavelength;2019;0.3830391272145359;3;65.0;50;0;not applicable;14
Dominion: Cornucopia;https://boardgamegeek.com/boardgameexpansion/90850/dominion-cornucopia;2011;0.3806678026895459;3;66.33333333333333;43;0;not applicable;116
Nidavellir;https://boardgamegeek.com/boardgame/293014/nidavellir;2020;0.379896188985022;2;35.0;17;0;17;not applicable
Olympos;https://boardgamegeek.com/boardgame/92319/olympos;2011;0.3788330832300325;3;64.66666666666667;48;0;not applicable;115
Yamataï;https://boardgamegeek.com/boardgame/213893/yamatai;2017;0.37558355537039434;3;66.66666666666667;48;0;not applicable;45
Yomi;https://boardgamegeek.com/boardgame/43022/yomi;2011;0.37185189329894297;3;69.33333333333333;46;0;not applicable;120
K2;https://boardgamegeek.com/boardgame/73761/k2;2010;0.36562961016813933;3;72.33333333333333;45;0;not applicable;113
A Study in Emerald;https://boardgamegeek.com/boardgame/141517/study-emerald;2013;0.36352969346360475;3;71.33333333333333;50;0;not applicable;85
Ascending Empires;https://boardgamegeek.com/boardgame/37919/ascending-empires;2011;0.3634151579516422;3;68.33333333333333;63;0;not applicable;116
Endeavor: Age of Sail;https://boardgamegeek.com/boardgame/233398/endeavor-age-sail;2018;0.3622719148555964;2;33.5;22;0;not applicable;29
Pandemic: Iberia;https://boardgamegeek.com/boardgame/198928/pandemic-iberia;2016;0.3617892691586291;3;70.33333333333333;59;0;not applicable;50
Ex Libris;https://boardgamegeek.com/boardgame/201825/ex-libris;2017;0.3598600971008703;3;75.66666666666667;44;0;not applicable;39
Automobile;https://boardgamegeek.com/boardgame/39351/automobile;2009;0.35833019023240964;3;72.33333333333333;54;0;not applicable;119
New York 1901;https://boardgamegeek.com/boardgame/174660/new-york-1901;2015;0.35785435753204203;3;73.66666666666667;54;0;not applicable;65
Puzzle Strike;https://boardgamegeek.com/boardgame/67928/puzzle-strike;2010;0.35688342488212843;3;74.33333333333333;53;0;not applicable;121
Scoville;https://boardgamegeek.com/boardgame/145659/scoville;2014;0.3542699335396356;3;73.66666666666667;59;0;not applicable;73
Epic Card Game;https://boardgamegeek.com/boardgame/175621/epic-card-game;2015;0.35321052096680167;3;76.66666666666667;49;0;not applicable;65
Pipeline;https://boardgamegeek.com/boardgame/256730/pipeline;2019;0.34991532469202874;3;76.33333333333333;54;0;not applicable;19
Merkator;https://boardgamegeek.com/boardgame/39684/merkator;2010;0.3483929408840337;3;77.0;56;0;not applicable;122
New York Zoo;https://boardgamegeek.com/boardgame/300877/new-york-zoo;2020;0.3479086272688735;3;76.33333333333333;63;0;not applicable;3
Rallyman: GT;https://boardgamegeek.com/boardgame/256589/rallyman-gt;2020;0.3453482244654242;3;76.0;68;0;not applicable;9
Telestrations;https://boardgamegeek.com/boardgame/46213/telestrations;2009;0.34508462457144357;3;76.0;68;0;not applicable;64
Thunderstone Advance: Towers of Ruin;https://boardgamegeek.com/boardgame/116998/thunderstone-advance-towers-ruin;2012;0.3435035327284991;3;81.0;52;0;not applicable;104
Letter Jam;https://boardgamegeek.com/boardgame/275467/letter-jam;2019;0.3421960868156658;3;78.66666666666667;67;0;not applicable;15
Nuns on the Run;https://boardgamegeek.com/boardgame/65515/nuns-run;2010;0.3417379589345691;3;80.0;58;0;not applicable;130
Core Worlds;https://boardgamegeek.com/boardgame/98351/core-worlds;2011;0.34135051461745614;3;79.33333333333333;60;0;not applicable;109
Honshū;https://boardgamegeek.com/boardgame/207336/honshu;2016;0.3406195193927777;3;80.0;59;0;not applicable;45
Vinhos;https://boardgamegeek.com/boardgame/42052/vinhos;2010;0.33698091701757366;3;79.33333333333333;76;0;not applicable;122
ICECOOL;https://boardgamegeek.com/boardgame/177524/icecool;2016;0.336578894343481;3;82.66666666666667;58;0;not applicable;40
Black Angel;https://boardgamegeek.com/boardgame/230244/black-angel;2019;0.33130643285972255;2;41.5;25;0;not applicable;18
Steam Park;https://boardgamegeek.com/boardgame/121410/steam-park;2013;0.33113887429293487;3;84.0;65;0;not applicable;85
The Manhattan Project: Energy Empire;https://boardgamegeek.com/boardgame/176734/manhattan-project-energy-empire;2016;0.328937006710261;3;83.33333333333333;78;0;not applicable;49
Tiny Epic Zombies;https://boardgamegeek.com/boardgame/244536/tiny-epic-zombies;2018;0.3285693708446884;2;41.5;26;0;not applicable;30
The Castles of Burgundy: The Card Game;https://boardgamegeek.com/boardgame/191977/castles-burgundy-card-game;2016;0.3220085092788583;3;88.0;72;0;not applicable;56
Blueprints;https://boardgamegeek.com/boardgame/140933/blueprints;2013;0.32176383599096237;3;87.0;83;0;not applicable;85
The Fox in the Forest;https://boardgamegeek.com/boardgame/221965/fox-forest;2017;0.31866104487626623;3;88.66666666666667;86;0;not applicable;34
The Princes of Florence;https://boardgamegeek.com/boardgame/555/princes-florence;2000;0.3182294888990185;3;89.33333333333333;83;0;not applicable;122
First Class: All Aboard the Orient Express!;https://boardgamegeek.com/boardgame/206941/first-class-all-aboard-orient-express;2016;0.31806788904644057;3;90.0;75;0;not applicable;49
Flick 'em Up!;https://boardgamegeek.com/boardgame/169124/flick-em;2015;0.3167659971211398;3;90.33333333333333;79;0;not applicable;64
Archipelago;https://boardgamegeek.com/boardgame/105551/archipelago;2012;0.3167245307564045;3;90.0;82;0;not applicable;95
Broom Service;https://boardgamegeek.com/boardgame/172308/broom-service;2015;0.31655841166815335;3;90.66666666666667;77;0;not applicable;67
Formula D;https://boardgamegeek.com/boardgame/37904/formula-d;2008;0.3159995014061538;3;90.33333333333333;84;0;not applicable;91
Santiago de Cuba;https://boardgamegeek.com/boardgame/104347/santiago-de-cuba;2011;0.31563572331669165;3;90.66666666666667;82;0;not applicable;109
Homesteaders;https://boardgamegeek.com/boardgame/26566/homesteaders;2009;0.3150746442344894;3;91.33333333333333;79;0;not applicable;132
Age of Industry;https://boardgamegeek.com/boardgame/65901/age-industry;2010;0.31479478305063247;2;44.5;29;0;not applicable;129
Clash of Cultures;https://boardgamegeek.com/boardgame/40765/clash-cultures;2012;0.3129973802167335;3;92.33333333333333;82;0;not applicable;97
Oh My Goods!;https://boardgamegeek.com/boardgame/183840/oh-my-goods;2015;0.3114102044827432;3;93.0;87;0;not applicable;35
Celestia;https://boardgamegeek.com/boardgame/175117/celestia;2015;0.3101009451559503;3;93.66666666666667;91;0;not applicable;53
World Without End;https://boardgamegeek.com/boardgame/43528/world-without-end;2009;0.3100582696585963;3;93.66666666666667;91;0;not applicable;127
Ra: The Dice Game;https://boardgamegeek.com/boardgame/35503/ra-dice-game;2009;0.3100326809140369;3;93.66666666666667;91;0;not applicable;133
Red Rising;https://boardgamegeek.com/boardgame/329465/red-rising;2021;0.29981130461122657;2;59.5;26;0;26;not applicable
DungeonQuest (Third Edition);https://boardgamegeek.com/boardgame/71061/dungeonquest-third-edition;2010;0.2980442396729805;2;52.5;30;0;not applicable;126
Dominant Species: The Card Game;https://boardgamegeek.com/boardgame/96260/dominant-species-card-game;2012;0.2926548243364091;2;49.5;36;0;not applicable;104
Cry Havoc;https://boardgamegeek.com/boardgame/192457/cry-havoc;2016;0.2914345866648097;2;48.5;39;0;not applicable;53
CuBirds;https://boardgamegeek.com/boardgame/245476/cubirds;2018;0.28722142113076254;2;51.0;38;0;38;not applicable
Star Wars: Destiny;https://boardgamegeek.com/boardgame/205359/star-wars-destiny;2016;0.2719565877307234;2;54.5;49;0;not applicable;51
Lords of Waterdeep: Scoundrels of Skullport;https://boardgamegeek.com/boardgameexpansion/134342/lords-waterdeep-scoundrels-skullport;2013;0.27134158642287853;2;59.0;40;0;not applicable;90
The Godfather: Corleone's Empire;https://boardgamegeek.com/boardgame/195539/godfather-corleones-empire;2017;0.26923709892308334;2;61.5;39;0;not applicable;43
Cubitos;https://boardgamegeek.com/boardgame/298069/cubitos;2021;0.2670033110327011;2;59.0;44;0;44;not applicable
Mystery Express;https://boardgamegeek.com/boardgame/65907/mystery-express;2010;0.2645431573172799;2;59.0;47;0;not applicable;131
Specter Ops;https://boardgamegeek.com/boardgame/155624/specter-ops;2015;0.262262830322295;2;63.0;43;0;not applicable;69
Founding Fathers;https://boardgamegeek.com/boardgame/37358/founding-fathers;2010;0.2539301463299119;2;64.5;50;0;not applicable;127
High Society;https://boardgamegeek.com/boardgame/220/high-society;1995;0.2534417441555331;2;67.5;46;0;not applicable;33
Via Nebula;https://boardgamegeek.com/boardgame/191231/nebula;2016;0.25196608797513903;2;66.5;49;0;not applicable;55
Agricola: Farmers of the Moor;https://boardgamegeek.com/boardgameexpansion/43018/agricola-farmers-moor;2009;0.2518647794985306;2;68.0;47;0;not applicable;134
The Gallerist;https://boardgamegeek.com/boardgame/125153/gallerist;2015;0.2495749800259072;2;72.0;45;0;not applicable;64
Dominion: Dark Ages;https://boardgamegeek.com/boardgameexpansion/125403/dominion-dark-ages;2012;0.24859477432594382;2;70.0;48;0;not applicable;102
Rex: Final Days of an Empire;https://boardgamegeek.com/boardgame/104363/rex-final-days-empire;2012;0.24849323731212905;2;68.0;51;0;not applicable;108
Cargo Noir;https://boardgamegeek.com/boardgame/90305/cargo-noir;2011;0.248267939518357;2;65.0;62;0;not applicable;120
Dungeons & Dragons: Wrath of Ashardalon Board Game;https://boardgamegeek.com/boardgame/66356/dungeons-dragons-wrath-ashardalon-board-game;2011;0.24636877302381577;2;73.0;47;0;not applicable;119
GOSU;https://boardgamegeek.com/boardgame/66587/gosu;2010;0.24530254710737492;2;66.5;65;0;not applicable;125
Samarkand: Routes to Riches;https://boardgamegeek.com/boardgame/66214/samarkand-routes-riches;2010;0.24404127419632107;2;67.5;62;0;not applicable;130
MicroMacro: Crime City;https://boardgamegeek.com/boardgame/318977/micromacro-crime-city;2020;0.2407717061715384;2;69.0;69;0;69;not applicable
Cthulhu: Death May Die;https://boardgamegeek.com/boardgame/253344/cthulhu-death-may-die;2019;0.24028600890994278;2;71.5;57;0;not applicable;15
The Grimm Forest;https://boardgamegeek.com/boardgame/212402/grimm-forest;2018;0.23904572186687872;2;70.0;70;0;not applicable;37
Apples to Apples;https://boardgamegeek.com/boardgame/74/apples-apples;1999;0.23798209711852775;2;74.5;55;0;not applicable;112
Dominion: Hinterlands;https://boardgamegeek.com/boardgameexpansion/104557/dominion-hinterlands;2011;0.23585590692369435;2;72.0;69;0;not applicable;111
Gears of War: The Board Game;https://boardgamegeek.com/boardgame/42776/gears-war-board-game;2011;0.2354653559095186;2;73.5;62;0;not applicable;114
Copycat;https://boardgamegeek.com/boardgame/114031/copycat;2012;0.23182861067238233;2;76.5;62;0;not applicable;98
Century: A New World;https://boardgamegeek.com/boardgame/270970/century-new-world;2019;0.23037675763616267;2;76.0;68;0;not applicable;19
Lost Legacy: The Starship;https://boardgamegeek.com/boardgame/158339/lost-legacy-starship;2014;0.22905213438811706;2;79.5;61;0;not applicable;79
Age of War;https://boardgamegeek.com/boardgame/155695/age-war;2014;0.2284424258090757;2;77.0;71;0;not applicable;78
Machi Koro: Harbor;https://boardgamegeek.com/boardgameexpansion/143789/machi-koro-harbor;2012;0.22601525445522108;2;81.0;64;0;not applicable;73
Founders of Gloomhaven;https://boardgamegeek.com/boardgame/214032/founders-gloomhaven;2018;0.22568932618784815;2;80.5;66;0;not applicable;32
Neuroshima Hex! 3.0;https://boardgamegeek.com/boardgame/21241/neuroshima-hex-30;2006;0.22568390340119632;2;79.0;72;0;not applicable;126
Nefarious;https://boardgamegeek.com/boardgame/108044/nefarious;2011;0.224962981991209;2;80.5;68;0;not applicable;106
Progress: Evolution of Technology;https://boardgamegeek.com/boardgame/140717/progress-evolution-technology;2014;0.22330282704136356;2;80.5;75;0;not applicable;77
Space Cadets;https://boardgamegeek.com/boardgame/123096/space-cadets;2012;0.2232603855367039;2;81.0;72;0;not applicable;98
Adrenaline;https://boardgamegeek.com/boardgame/202408/adrenaline;2016;0.22317309584460898;2;80.5;76;0;not applicable;51
Star Trek: Expeditions;https://boardgamegeek.com/boardgame/79131/star-trek-expeditions;2011;0.22291450998610057;2;80.5;80;0;not applicable;117
FITS;https://boardgamegeek.com/boardgame/40393/fits;2009;0.22165689408276526;2;82.0;74;0;not applicable;134
Twilight Imperium: Fourth Edition;https://boardgamegeek.com/boardgame/233078/twilight-imperium-fourth-edition;2017;0.22117182994341744;2;82.0;77;0;not applicable;39
The Oracle of Delphi;https://boardgamegeek.com/boardgame/193558/oracle-delphi;2016;0.22088963461169042;2;84.0;69;0;not applicable;51
Ticket to Ride: Nordic Countries;https://boardgamegeek.com/boardgame/31627/ticket-ride-nordic-countries;2007;0.2207402384353511;2;83.5;71;0;not applicable;123
Catacombs;https://boardgamegeek.com/boardgame/57390/catacombs;2010;0.22002664245936057;2;84.5;70;0;not applicable;115
Hallertau;https://boardgamegeek.com/boardgame/300322/hallertau;2020;0.21969342027460642;2;84.5;71;0;not applicable;1
Thunder Alley;https://boardgamegeek.com/boardgame/108906/thunder-alley;2014;0.21896507396381826;2;84.0;76;0;not applicable;79
Bonfire;https://boardgamegeek.com/boardgame/304420/bonfire;2020;0.2163698280403389;2;86.0;78;0;not applicable;5
On Tour;https://boardgamegeek.com/boardgame/251412/tour;2019;0.21606060590352688;2;86.0;80;0;not applicable;7
Goa;https://boardgamegeek.com/boardgame/9216/goa;2004;0.21584078141379254;2;86.0;82;0;not applicable;103
Haggis;https://boardgamegeek.com/boardgame/37628/haggis;2010;0.21528977603042532;2;87.0;78;0;not applicable;117
Merchant of Venus (Second Edition);https://boardgamegeek.com/boardgame/131646/merchant-venus-second-edition;2012;0.21457086270856815;2;87.5;79;0;not applicable;100
Paperback;https://boardgamegeek.com/boardgame/141572/paperback;2014;0.213937428790188;2;87.5;84;0;not applicable;48
Samurai;https://boardgamegeek.com/boardgame/3/samurai;1998;0.21357365070072587;2;88.0;82;0;not applicable;127
CO₂;https://boardgamegeek.com/boardgame/72225/co;2012;0.2132937125815199;2;88.0;85;0;not applicable;100
Ticket to Ride Map Collection: Volume 5 – United Kingdom & Pennsylvania;https://boardgamegeek.com/boardgameexpansion/182078/ticket-ride-map-collection-volume-5-united-kingdom;2015;0.21302936128336197;2;88.5;82;0;not applicable;63
Between Two Castles of Mad King Ludwig;https://boardgamegeek.com/boardgame/258036/between-two-castles-mad-king-ludwig;2018;0.21272243593786547;2;88.5;85;0;not applicable;27
Crusaders: Thy Will Be Done;https://boardgamegeek.com/boardgame/170624/crusaders-thy-will-be-done;2018;0.21260014617844122;2;88.5;88;0;not applicable;26
Railways of the World;https://boardgamegeek.com/boardgame/17133/railways-world;2005;0.2117067803265116;2;89.5;84;0;not applicable;128
Not Alone;https://boardgamegeek.com/boardgame/194879/not-alone;2016;0.2102377390111378;2;90.5;90;0;not applicable;44
Ninjato;https://boardgamegeek.com/boardgame/50768/ninjato;2011;0.21012419957321726;2;91.0;84;0;not applicable;112
Marco Polo II: In the Service of the Khan;https://boardgamegeek.com/boardgame/283948/marco-polo-ii-service-khan;2019;0.20914191262651532;2;91.5;89;0;not applicable;6
Twilight Imperium: Third Edition;https://boardgamegeek.com/boardgame/12493/twilight-imperium-third-edition;2005;0.20813497469116712;2;92.5;88;0;not applicable;117
The Downfall of Pompeii;https://boardgamegeek.com/boardgame/13004/downfall-pompeii;2004;0.20742631888070723;2;93.0;91;0;not applicable;127
Mission: Red Planet (Second Edition);https://boardgamegeek.com/boardgame/176920/mission-red-planet-second-edition;2015;0.20710413970372643;2;93.5;88;0;not applicable;63
Labyrinth: The War on Terror, 2001 – ?;https://boardgamegeek.com/boardgame/62227/labyrinth-war-terror-2001;2010;0.20636310018555373;2;94.0;91;0;not applicable;123
Friday;https://boardgamegeek.com/boardgame/43570/friday;2011;0.20527246148375847;2;95.0;92;0;not applicable;71
Thebes;https://boardgamegeek.com/boardgame/30869/thebes;2007;0.20419895099896374;2;96.0;93;0;not applicable;132
Parade;https://boardgamegeek.com/boardgame/56692/parade;2007;0.20359668912932766;2;96.5;96;0;not applicable;125
Undaunted: Normandy;https://boardgamegeek.com/boardgame/268864/undaunted-normandy;2019;0.20100756305184242;2;99.0;99;0;not applicable;7
Tiny Epic Western;https://boardgamegeek.com/boardgame/180852/tiny-epic-western;2016;0.19611613513818404;1;26.0;26;0;not applicable;54
Snowdonia;https://boardgamegeek.com/boardgame/119432/snowdonia;2012;0.1643989873053573;1;37.0;37;0;not applicable;101
Beyond the Sun;https://boardgamegeek.com/boardgame/317985/beyond-sun;2020;0.16012815380508713;1;39.0;39;0;39;not applicable
Ecos: First Continent;https://boardgamegeek.com/boardgame/279254/ecos-first-continent;2019;0.15617376188860607;1;41.0;41;0;not applicable;17
Neta-Tanka: Deluxe Edition;https://boardgamegeek.com/boardgame/245931/neta-tanka-deluxe-edition;2019;0.14285714285714285;1;49.0;49;0;not applicable;23
Mint Delivery;https://boardgamegeek.com/boardgame/230251/mint-delivery;2017;0.14285714285714285;1;49.0;49;0;not applicable;32
Mariposas;https://boardgamegeek.com/boardgame/297978/mariposas;2020;0.14002800840280097;1;51.0;51;0;not applicable;7
Merlin;https://boardgamegeek.com/boardgame/230933/merlin;2017;0.14002800840280097;1;51.0;51;0;not applicable;41
AuZtralia;https://boardgamegeek.com/boardgame/231581/auztralia;2018;0.1386750490563073;1;52.0;52;0;not applicable;29
Caverna: Cave vs Cave;https://boardgamegeek.com/boardgame/220520/caverna-cave-vs-cave;2017;0.1386750490563073;1;52.0;52;0;not applicable;44
51st State;https://boardgamegeek.com/boardgame/73369/51st-state;2010;0.13736056394868904;1;53.0;53;0;not applicable;125
Hardback;https://boardgamegeek.com/boardgame/223750/hardback;2018;0.13483997249264842;1;55.0;55;0;not applicable;38
Bargain Quest;https://boardgamegeek.com/boardgame/223740/bargain-quest;2017;0.13483997249264842;1;55.0;55;0;not applicable;20
Mottainai;https://boardgamegeek.com/boardgame/175199/mottainai;2015;0.1336306209562122;1;56.0;56;0;not applicable;67
Burgle Bros.;https://boardgamegeek.com/boardgame/172081/burgle-bros;2015;0.1336306209562122;1;56.0;56;0;not applicable;65
Eaten by Zombies!;https://boardgamegeek.com/boardgame/76247/eaten-zombies;2011;0.13245323570650439;1;57.0;57;0;not applicable;114
Skyline;https://boardgamegeek.com/boardgame/121423/skyline;2012;0.13245323570650439;1;57.0;57;0;not applicable;98
Arkham Horror (Third Edition);https://boardgamegeek.com/boardgame/257499/arkham-horror-third-edition;2018;0.13130643285972254;1;58.0;58;0;not applicable;29
Lords of Vegas;https://boardgamegeek.com/boardgame/20437/lords-vegas;2010;0.13130643285972254;1;58.0;58;0;not applicable;126
Blackout: Hong Kong;https://boardgamegeek.com/boardgame/262215/blackout-hong-kong;2018;0.13018891098082386;1;59.0;59;0;not applicable;29
Massive Darkness;https://boardgamegeek.com/boardgame/197070/massive-darkness;2017;0.13018891098082386;1;59.0;59;0;not applicable;43
Fallout;https://boardgamegeek.com/boardgame/232918/fallout;2017;0.12909944487358058;1;60.0;60;0;not applicable;40
The Networks;https://boardgamegeek.com/boardgame/72321/networks;2016;0.12803687993289598;1;61.0;61;0;not applicable;56
Loopin' Louie;https://boardgamegeek.com/boardgame/327/loopin-louie;1992;0.1270001270001905;1;62.0;62;0;not applicable;100
Fugitive;https://boardgamegeek.com/boardgame/197443/fugitive;2017;0.125;1;64.0;64;0;not applicable;48
Francis Drake;https://boardgamegeek.com/boardgame/140603/francis-drake;2013;0.125;1;64.0;64;0;not applicable;89
Unearth;https://boardgamegeek.com/boardgame/217085/unearth;2017;0.12403473458920845;1;65.0;65;0;not applicable;43
Norenberc;https://boardgamegeek.com/boardgame/75091/norenberc;2010;0.12403473458920845;1;65.0;65;0;not applicable;125
Gauntlet of Fools;https://boardgamegeek.com/boardgame/129293/gauntlet-fools;2012;0.12403473458920845;1;65.0;65;0;not applicable;102
Tash-Kalar: Arena of Legends;https://boardgamegeek.com/boardgame/146278/tash-kalar-arena-legends;2013;0.12403473458920845;1;65.0;65;0;not applicable;89
Ground Floor;https://boardgamegeek.com/boardgame/38765/ground-floor;2012;0.12309149097933274;1;66.0;66;0;not applicable;98
Panamax;https://boardgamegeek.com/boardgame/131287/panamax;2014;0.12309149097933274;1;66.0;66;0;not applicable;77
Warhammer Quest: The Adventure Card Game;https://boardgamegeek.com/boardgame/181521/warhammer-quest-adventure-card-game;2015;0.1203858530857692;1;69.0;69;0;not applicable;64
Sail to India;https://boardgamegeek.com/boardgame/141736/sail-india;2013;0.1203858530857692;1;69.0;69;0;not applicable;82
Star Trek: Fleet Captains;https://boardgamegeek.com/boardgame/79127/star-trek-fleet-captains;2011;0.1203858530857692;1;69.0;69;0;not applicable;114
Spirits of the Forest;https://boardgamegeek.com/boardgame/235375/spirits-forest;2018;0.11867816581938534;1;71.0;71;0;not applicable;30
Duelosaur Island;https://boardgamegeek.com/boardgame/247236/duelosaur-island;2018;0.11867816581938534;1;71.0;71;0;not applicable;28
Drum Roll;https://boardgamegeek.com/boardgame/86246/drum-roll;2011;0.11785113019775792;1;72.0;72;0;not applicable;113
Glen More II: Chronicles;https://boardgamegeek.com/boardgame/265188/glen-more-ii-chronicles;2019;0.11785113019775792;1;72.0;72;0;not applicable;17
Tournay;https://boardgamegeek.com/boardgame/105037/tournay;2011;0.11704114719613057;1;73.0;73;0;not applicable;113
The Great Zimbabwe;https://boardgamegeek.com/boardgame/111341/great-zimbabwe;2012;0.11624763874381928;1;74.0;74;0;not applicable;101
Tiny Epic Dinosaurs;https://boardgamegeek.com/boardgame/291508/tiny-epic-dinosaurs;2020;0.11624763874381928;1;74.0;74;0;not applicable;8
Mercado de Lisboa;https://boardgamegeek.com/boardgame/262477/mercado-de-lisboa;2021;0.11624763874381928;1;74.0;74;0;74;not applicable
Walnut Grove;https://boardgamegeek.com/boardgame/103185/walnut-grove;2011;0.11547005383792515;1;75.0;75;0;not applicable;113
Grand Cru;https://boardgamegeek.com/boardgame/75212/grand-cru;2010;0.11547005383792515;1;75.0;75;0;not applicable;125
Forbidden Stars;https://boardgamegeek.com/boardgame/175155/forbidden-stars;2015;0.11547005383792515;1;75.0;75;0;not applicable;69
Dream Home;https://boardgamegeek.com/boardgame/194880/dream-home;2016;0.11470786693528089;1;76.0;76;0;not applicable;53
The Estates;https://boardgamegeek.com/boardgame/249381/estates;2018;0.11470786693528089;1;76.0;76;0;not applicable;29
Boss Monster: The Dungeon Building Card Game;https://boardgamegeek.com/boardgame/131835/boss-monster-dungeon-building-card-game;2013;0.11470786693528089;1;76.0;76;0;not applicable;93
Fürstenfeld;https://boardgamegeek.com/boardgame/84469/furstenfeld;2010;0.11470786693528089;1;76.0;76;0;not applicable;125
Rococo;https://boardgamegeek.com/boardgame/144344/rococo;2013;0.11470786693528089;1;76.0;76;0;not applicable;89
Space Empires: 4X;https://boardgamegeek.com/boardgame/84419/space-empires-4x;2011;0.11470786693528089;1;76.0;76;0;not applicable;115
Catan Histories: Settlers of America – Trails to Rails;https://boardgamegeek.com/boardgame/67239/catan-histories-settlers-america-trails-rails;2010;0.11396057645963795;1;77.0;77;0;not applicable;128
The Pursuit of Happiness;https://boardgamegeek.com/boardgame/181687/pursuit-happiness;2015;0.11396057645963795;1;77.0;77;0;not applicable;56
Pandemic: Fall of Rome;https://boardgamegeek.com/boardgame/260428/pandemic-fall-rome;2018;0.11396057645963795;1;77.0;77;0;not applicable;27
Legacy: The Testament of Duke de Crecy;https://boardgamegeek.com/boardgame/52461/legacy-testament-duke-de-crecy;2013;0.11396057645963795;1;77.0;77;0;not applicable;89
Trismegistus: The Ultimate Formula;https://boardgamegeek.com/boardgame/281442/trismegistus-ultimate-formula;2019;0.11396057645963795;1;77.0;77;0;not applicable;17
New Frontiers;https://boardgamegeek.com/boardgame/255692/new-frontiers;2018;0.11396057645963795;1;77.0;77;0;not applicable;26
20th Century;https://boardgamegeek.com/boardgame/85036/20th-century;2010;0.11322770341445958;1;78.0;78;0;not applicable;125
Ticket to Ride: 10th Anniversary;https://boardgamegeek.com/boardgame/160069/ticket-ride-10th-anniversary;2014;0.1125087900926024;1;79.0;79;0;not applicable;81
Coin Age;https://boardgamegeek.com/boardgame/146130/coin-age;2013;0.1125087900926024;1;79.0;79;0;not applicable;79
Rise of Tribes;https://boardgamegeek.com/boardgame/202583/rise-tribes;2018;0.11180339887498948;1;80.0;80;0;not applicable;33
Yggdrasil;https://boardgamegeek.com/boardgame/71671/yggdrasil;2011;0.11180339887498948;1;80.0;80;0;not applicable;118
Tiny Epic Defenders;https://boardgamegeek.com/boardgame/155708/tiny-epic-defenders;2015;0.11180339887498948;1;80.0;80;0;not applicable;74
Luna;https://boardgamegeek.com/boardgame/70512/luna;2010;0.11180339887498948;1;80.0;80;0;not applicable;122
Dice Settlers;https://boardgamegeek.com/boardgame/230267/dice-settlers;2018;0.1111111111111111;1;81.0;81;0;not applicable;29
Hyperborea;https://boardgamegeek.com/boardgame/119788/hyperborea;2014;0.1111111111111111;1;81.0;81;0;not applicable;77
Roam;https://boardgamegeek.com/boardgame/267319/roam;2019;0.1111111111111111;1;81.0;81;0;not applicable;17
Dice Town;https://boardgamegeek.com/boardgame/40793/dice-town;2009;0.1111111111111111;1;81.0;81;0;not applicable;116
Call to Adventure;https://boardgamegeek.com/boardgame/238992/call-adventure;2019;0.11043152607484655;1;82.0;82;0;not applicable;25
Tammany Hall;https://boardgamegeek.com/boardgame/30645/tammany-hall;2007;0.10976425998969035;1;83.0;83;0;not applicable;97
Alea Iacta Est;https://boardgamegeek.com/boardgame/40760/alea-iacta-est;2009;0.10976425998969035;1;83.0;83;0;not applicable;135
Xia: Legends of a Drift System;https://boardgamegeek.com/boardgame/82222/xia-legends-drift-system;2014;0.10976425998969035;1;83.0;83;0;not applicable;78
Lords of Xidit;https://boardgamegeek.com/boardgame/156566/lords-xidit;2014;0.10976425998969035;1;83.0;83;0;not applicable;77
Meeple Circus;https://boardgamegeek.com/boardgame/193214/meeple-circus;2017;0.10976425998969035;1;83.0;83;0;not applicable;41
Conan;https://boardgamegeek.com/boardgame/160010/conan;2016;0.1091089451179962;1;84.0;84;0;not applicable;53
Fury of Dracula (Third/Fourth Edition);https://boardgamegeek.com/boardgame/181279/fury-dracula-thirdfourth-edition;2015;0.1091089451179962;1;84.0;84;0;not applicable;54
Gentes: Deluxified Edition;https://boardgamegeek.com/boardgame/249703/gentes-deluxified-edition;2018;0.1091089451179962;1;84.0;84;0;not applicable;23
The Flow of History;https://boardgamegeek.com/boardgame/204574/flow-history;2016;0.1091089451179962;1;84.0;84;0;not applicable;36
Indian Summer;https://boardgamegeek.com/boardgame/233678/indian-summer;2017;0.1091089451179962;1;84.0;84;0;not applicable;41
Inca Empire;https://boardgamegeek.com/boardgame/75476/inca-empire;2010;0.10846522890932808;1;85.0;85;0;not applicable;125
Bruxelles 1893;https://boardgamegeek.com/boardgame/144592/bruxelles-1893;2013;0.10846522890932808;1;85.0;85;0;not applicable;89
Scrabble;https://boardgamegeek.com/boardgame/320/scrabble;1948;0.10846522890932808;1;85.0;85;0;not applicable;124
Civilization: A New Dawn;https://boardgamegeek.com/boardgame/233247/civilization-new-dawn;2017;0.10783277320343841;1;86.0;86;0;not applicable;40
Mare Nostrum: Empires;https://boardgamegeek.com/boardgame/174785/mare-nostrum-empires;2016;0.10783277320343841;1;86.0;86;0;not applicable;55
Snow Tails;https://boardgamegeek.com/boardgame/38054/snow-tails;2008;0.10783277320343841;1;86.0;86;0;not applicable;135
Carnegie;https://boardgamegeek.com/boardgame/310873/carnegie;2021;0.10660035817780522;1;88.0;88;0;not applicable;2
Sunrise City;https://boardgamegeek.com/boardgame/97357/sunrise-city;2012;0.10660035817780522;1;88.0;88;0;not applicable;107
Tussie Mussie;https://boardgamegeek.com/boardgame/257614/tussie-mussie;2019;0.10660035817780522;1;88.0;88;0;not applicable;18
Quantum;https://boardgamegeek.com/boardgame/143519/quantum;2013;0.10660035817780522;1;88.0;88;0;not applicable;84
Relic Runners;https://boardgamegeek.com/boardgame/144270/relic-runners;2013;0.10660035817780522;1;88.0;88;0;not applicable;90
Awkward Guests;https://boardgamegeek.com/boardgame/188866/awkward-guests;2016;0.105999788000636;1;89.0;89;0;not applicable;18
Through the Desert;https://boardgamegeek.com/boardgame/503/through-desert;1998;0.10540925533894598;1;90.0;90;0;not applicable;133
Orbis;https://boardgamegeek.com/boardgame/255507/orbis;2018;0.10540925533894598;1;90.0;90;0;not applicable;29
Factory Fun;https://boardgamegeek.com/boardgame/24417/factory-fun;2006;0.10540925533894598;1;90.0;90;0;not applicable;122
Coal Baron;https://boardgamegeek.com/boardgame/143515/coal-baron;2013;0.10540925533894598;1;90.0;90;0;not applicable;89
Space Cadets: Dice Duel;https://boardgamegeek.com/boardgame/142079/space-cadets-dice-duel;2013;0.10482848367219183;1;91.0;91;0;not applicable;89
Chess;https://boardgamegeek.com/boardgame/171/chess;1475;0.10425720702853739;1;92.0;92;0;not applicable;4
Vanuatu;https://boardgamegeek.com/boardgame/104020/vanuatu;2011;0.10425720702853739;1;92.0;92;0;not applicable;113
Stockpile;https://boardgamegeek.com/boardgame/161614/stockpile;2015;0.10425720702853739;1;92.0;92;0;not applicable;57
King of Tokyo: Power Up!;https://boardgamegeek.com/boardgameexpansion/127067/king-tokyo-power;2012;0.10425720702853739;1;92.0;92;0;not applicable;100
Pergamon;https://boardgamegeek.com/boardgame/90040/pergamon;2011;0.10369516947304253;1;93.0;93;0;not applicable;118
Shadowrun: Crossfire;https://boardgamegeek.com/boardgame/135382/shadowrun-crossfire;2014;0.10369516947304253;1;93.0;93;0;not applicable;79
Commands & Colors: Ancients;https://boardgamegeek.com/boardgame/14105/commands-colors-ancients;2006;0.10369516947304253;1;93.0;93;0;not applicable;133
51st State: Master Set;https://boardgamegeek.com/boardgame/192458/51st-state-master-set;2016;0.10369516947304253;1;93.0;93;0;not applicable;58
Kodama: The Tree Spirits;https://boardgamegeek.com/boardgame/181810/kodama-tree-spirits;2016;0.10369516947304253;1;93.0;93;0;not applicable;60
Batman: Gotham City Chronicles;https://boardgamegeek.com/boardgame/222514/batman-gotham-city-chronicles;2019;0.10369516947304253;1;93.0;93;0;not applicable;23
This Town Ain't Big Enough for the 2-4 of Us;https://boardgamegeek.com/boardgame/153497/town-aint-big-enough-2-4-us;2014;0.10314212462587934;1;94.0;94;0;not applicable;79
Kanban EV;https://boardgamegeek.com/boardgame/284378/kanban-ev;2020;0.10314212462587934;1;94.0;94;0;not applicable;2
Fantastic Factories;https://boardgamegeek.com/boardgame/216600/fantastic-factories;2019;0.10314212462587934;1;94.0;94;0;not applicable;17
Unfair;https://boardgamegeek.com/boardgame/179172/unfair;2017;0.10314212462587934;1;94.0;94;0;not applicable;49
Marvel Dice Masters: Uncanny X-Men;https://boardgamegeek.com/boardgame/158275/marvel-dice-masters-uncanny-x-men;2014;0.10314212462587934;1;94.0;94;0;not applicable;77
Edge of Darkness;https://boardgamegeek.com/boardgame/229491/edge-darkness;2019;0.10314212462587934;1;94.0;94;0;not applicable;20
Villages of Valeria;https://boardgamegeek.com/boardgame/180040/villages-valeria;2017;0.10314212462587934;1;94.0;94;0;not applicable;50
Masmorra: Dungeons of Arcadia;https://boardgamegeek.com/boardgame/181524/masmorra-dungeons-arcadia;2017;0.10314212462587934;1;94.0;94;0;not applicable;51
Dark Moon;https://boardgamegeek.com/boardgame/111124/dark-moon;2011;0.10259783520851541;1;95.0;95;0;not applicable;68
Onirim (Second Edition);https://boardgamegeek.com/boardgame/156336/onirim-second-edition;2014;0.10206207261596575;1;96.0;96;0;not applicable;48
Helvetia;https://boardgamegeek.com/boardgame/103092/helvetia;2011;0.10206207261596575;1;96.0;96;0;not applicable;113
Sprawlopolis;https://boardgamegeek.com/boardgame/251658/sprawlopolis;2018;0.1015346165133619;1;97.0;97;0;not applicable;18
Pastiche;https://boardgamegeek.com/boardgame/91620/pastiche;2011;0.1015346165133619;1;97.0;97;0;not applicable;120
Historia;https://boardgamegeek.com/boardgame/157096/historia;2014;0.1015346165133619;1;97.0;97;0;not applicable;77
Evolution: Climate;https://boardgamegeek.com/boardgame/182134/evolution-climate;2016;0.1015346165133619;1;97.0;97;0;not applicable;53
The Agents;https://boardgamegeek.com/boardgame/141932/agents;2013;0.1015346165133619;1;97.0;97;0;not applicable;88
Get Bit!;https://boardgamegeek.com/boardgame/30539/get-bit;2007;0.1015346165133619;1;97.0;97;0;not applicable;94
Vast: The Crystal Caverns;https://boardgamegeek.com/boardgame/170416/vast-crystal-caverns;2016;0.10101525445522108;1;98.0;98;0;not applicable;48
Railroad Ink: Blazing Red Edition;https://boardgamegeek.com/boardgame/251678/railroad-ink-blazing-red-edition;2018;0.10101525445522108;1;98.0;98;0;not applicable;26
Tang Garden;https://boardgamegeek.com/boardgame/252153/tang-garden;2020;0.10101525445522108;1;98.0;98;0;not applicable;13
Jambo;https://boardgamegeek.com/boardgame/12002/jambo;2004;0.10101525445522108;1;98.0;98;0;not applicable;131
Dragon Slayer;https://boardgamegeek.com/boardgame/158243/dragon-slayer;2014;0.10050378152592121;1;99.0;99;0;not applicable;80
Shipyard;https://boardgamegeek.com/boardgame/55600/shipyard;2009;0.10050378152592121;1;99.0;99;0;not applicable;134
Black Fleet;https://boardgamegeek.com/boardgame/157403/black-fleet;2014;0.10050378152592121;1;99.0;99;0;not applicable;78
Jamaica;https://boardgamegeek.com/boardgame/28023/jamaica;2007;0.10050378152592121;1;99.0;99;0;not applicable;81
Millennium Blades;https://boardgamegeek.com/boardgame/151347/millennium-blades;2016;0.10050378152592121;1;99.0;99;0;not applicable;59
Paris;https://boardgamegeek.com/boardgame/282954/paris;2020;0.10050378152592121;1;99.0;99;0;not applicable;5
Battleship Galaxies;https://boardgamegeek.com/boardgame/93538/battleship-galaxies;2011;0.1;1;100.0;100;0;not applicable;117
The Great Fire of London 1666;https://boardgamegeek.com/boardgame/41569/great-fire-london-1666;2010;0.1;1;100.0;100;0;not applicable;125
Orléans: Deluxe Edition;https://boardgamegeek.com/boardgame/171905/orleans-deluxe-edition;2015;0.1;1;100.0;100;0;not applicable;65
